order_id,customer_id,order_date,delivery_date,order_status,payment_method,total_amount
ORD00084,CUST0179,2022-06-24,2022-07-04,delivered,card,2414.49
ORD00261,CUST0071,2024-04-21,,Pending,upi,13952.44
ORD00274,CUST0073,2022-12-19,2022-12-24,Delivered,COD,15443.9
ORD00027,CUST0116,2022-09-29,2022-10-06,DELIVERED,Wallet,9298.1
ORD00073,CUST0050,2023-08-27,2023-09-02,Delivered,UPI,9442.29
ORD00402,CUST0020,2022-06-30,2022-07-04,delivered,Wallet,22421.87
ORD00213,CUST0087,2022-11-21,,Returned,COD,15174.09
ORD00155,CUST0077,2022-07-31,,Pending,Wallet,-22050.64
ORD00243,CUST0189,2022-11-28,,Pending,upi,22870.4
ORD00290,CUST0187,2023-03-17,,Cancelled,card,23332.45
ORD00199,CUST0050,12/05/2022,2022-05-20,delivered,UPI,12611.63
ORD00071,CUST0173,2022-12-12,,Returned,Card,8634.05
ORD00131,CUST0064,2024-04-28,,Returned,Wallet,16199.37
ORD00381,CUST0152,2022-09-01,,Returned,card,4265.35
ORD00324,CUST0043,2023-03-01,,Pending,card,5387.21
ORD00476,CUST0014,2022-02-24,2022-02-21,delivered,upi,16009.77
ORD00229,CUST0032,02/07/2023,2023-07-07,Delivered,card,-11016.57
ORD00215,CUST0015,24/05/2024,,Returned,Card,16584.36
ORD00471,CUST0084,2022-11-04,,Returned,Wallet,3192.01
ORD00287,CUST0136,2022-03-31,2022-04-10,DELIVERED,card,5762.96
ORD00009,CUST0009,2022-04-24,,Pending,COD,17643.0
ORD00002,CUST0162,2024-04-10,2024-04-18,Delivered,upi,24990.18
ORD00088,CUST0036,2022-01-30,,Returned,Card,12128.68
ORD00037,CUST0074,2022-04-13,2022-04-15,DELIVERED,upi,22015.38
ORD00374,CUST0143,2024-03-28,,Cancelled,UPI,17406.77
ORD00480,CUST0014,2022-04-15,2022-04-19,DELIVERED,upi,15374.37
ORD00214,CUST0160,2024-03-10,,Pending,upi,24141.6
ORD00289,CUST0154,2023-12-02,,Cancelled,COD,17244.45
ORD00271,CUST0009,2023-12-16,,Cancelled,Wallet,14026.47
ORD00485,CUST0124,2022-03-22,2022-03-18,Delivered,Wallet,1158.67
ORD00451,CUST0038,2023-10-23,2023-10-29,DELIVERED,COD,12205.09
ORD00376,CUST0068,2022-10-26,2022-10-27,DELIVERED,UPI,3257.85
ORD00083,CUST0168,2022-11-17,2022-11-19,Delivered,UPI,340.84
ORD00387,CUST0024,2024-01-22,,Cancelled,upi,8501.42
ORD00257,CUST0165,2023-07-01,2023-07-07,delivered,upi,24787.43
ORD00049,CUST0188,2023-10-25,,Cancelled,COD,16324.52
ORD00026,CUST0041,2022-06-24,2022-07-02,Delivered,COD,19643.43
ORD00001,CUST0049,2022-12-19,2022-12-25,DELIVERED,Card,748.97
ORD00409,CUST0032,2022-11-11,2022-11-19,Delivered,upi,1692.54
ORD00295,CUST0079,05/12/2023,2023-12-13,Delivered,upi,11772.21
ORD00327,CUST0060,2022-07-18,,Pending,Wallet,22912.46
ORD00413,CUST0113,2023-01-14,2023-01-18,delivered,UPI,3420.93
ORD00150,CUST0039,2023-07-11,2023-07-19,DELIVERED,Card,9208.88
ORD00235,CUST0073,2022-06-12,2022-06-21,Delivered,COD,12082.62
ORD00358,CUST0066,2023-06-29,2023-07-09,DELIVERED,Card,17069.77
ORD00248,CUST0177,2022-02-14,,Cancelled,Card,21849.97
ORD00350,CUST0010,2023-04-18,,Pending,upi,14409.49
ORD00403,CUST0103,2023-05-14,,Returned,Wallet,18409.57
ORD00190,CUST0044,2022-12-14,2022-12-22,delivered,UPI,12101.06
ORD00460,CUST0029,2023-03-29,2023-04-06,Delivered,Card,16982.41
ORD00397,CUST0029,2022-09-14,2022-09-22,Delivered,card,-121.6
ORD00118,CUST0044,2023-08-26,2023-08-30,DELIVERED,Card,7425.03
ORD00045,CUST0045,2024-06-15,2024-06-14,Delivered,COD,17645.39
ORD00004,CUST0188,2023-08-13,2023-08-19,delivered,Card,4484.9
ORD00401,CUST0179,2022-04-03,,Pending,Wallet,19035.28
ORD00222,CUST0084,2023-07-07,2023-07-15,Delivered,Wallet,6569.2
ORD00462,CUST0053,2023-10-19,2023-10-23,DELIVERED,COD,4973.32
ORD00337,CUST0086,2024-01-01,2024-01-02,Delivered,UPI,17207.6
ORD00101,CUST0085,2023-09-18,2023-09-25,Delivered,Card,17948.02
ORD00159,CUST0136,2023-03-27,2023-04-05,Delivered,Card,3840.99
ORD00238,CUST0018,2023-08-19,2023-08-29,delivered,UPI,6293.18
ORD00340,CUST0033,2022-11-23,,Returned,UPI,6889.09
ORD00296,CUST0015,2024-05-22,2024-05-25,delivered,Card,902.52
ORD00003,CUST0040,2022-09-11,,Pending,card,1492.13
ORD00371,CUST0075,2022-10-14,2022-10-23,Delivered,UPI,6206.26
ORD00098,CUST0190,2024-04-16,2024-04-22,delivered,upi,15038.78
ORD00473,CUST0107,2023-05-20,2023-05-30,Delivered,upi,12064.1
ORD00294,CUST0124,09/07/2022,2022-07-19,DELIVERED,upi,15347.81
ORD00300,CUST0146,2023-07-04,,Returned,UPI,13064.16
ORD00331,CUST0162,2022-12-14,,Returned,upi,21075.9
ORD00312,CUST0155,2023-09-15,,Cancelled,Card,14762.67
ORD00415,CUST0155,2022-07-03,,Returned,card,14883.89
ORD00343,CUST0160,2022-02-21,2022-02-22,delivered,UPI,2244.38
ORD00475,CUST0067,2024-05-15,2024-05-16,DELIVERED,Wallet,21970.1
ORD00096,CUST0025,27/02/2023,2023-02-28,DELIVERED,upi,24082.96
ORD00226,CUST0171,2022-08-14,2022-08-18,delivered,upi,20208.62
ORD00192,CUST0100,2022-12-28,2023-01-02,Delivered,UPI,10033.37
ORD00269,CUST0122,2023-04-02,2023-04-11,DELIVERED,Wallet,7315.6
ORD00365,CUST0067,2022-05-28,2022-06-04,delivered,Card,2208.12
ORD00464,CUST0170,2023-11-14,,Cancelled,card,21359.72
ORD00400,CUST0075,2023-05-09,2023-05-15,DELIVERED,COD,10075.31
ORD00429,CUST0165,2024-03-19,2024-03-22,DELIVERED,upi,21389.6
ORD00178,CUST0068,2022-05-02,2022-05-05,delivered,upi,10073.97
ORD00332,CUST0086,2022-07-11,,Pending,COD,17775.02
ORD00458,CUST0025,2023-05-27,2023-06-02,delivered,card,13699.03
ORD00090,CUST0058,2024-02-01,2024-02-05,DELIVERED,card,21841.27
ORD00023,CUST0113,2023-07-22,,Returned,upi,6705.09
ORD00414,CUST0151,2023-09-20,,Cancelled,UPI,22002.71
ORD00448,CUST0178,2022-10-10,,Cancelled,Wallet,3847.4
ORD00386,CUST0093,2022-12-10,2022-12-15,Delivered,Wallet,11581.6
ORD00453,CUST0084,2023-01-16,2023-01-19,Delivered,Wallet,23909.73
ORD00099,CUST0028,2024-01-04,2024-01-01,Delivered,card,24114.4
ORD00153,CUST0153,2023-11-07,,Cancelled,card,18326.91
ORD00105,CUST0086,2023-11-05,,Pending,Wallet,10524.75
ORD00479,CUST0065,2022-12-27,2022-12-30,Delivered,COD,19492.32
ORD00142,CUST0035,2023-04-18,2023-04-23,Delivered,COD,2545.24
ORD00124,CUST0001,2023-07-11,2023-07-17,Delivered,Card,16617.03
ORD00395,CUST0020,2023-09-17,,Returned,Wallet,2799.92
ORD00113,CUST0014,2022-10-21,,Cancelled,UPI,17295.81
ORD00232,CUST0117,2023-07-11,,Cancelled,COD,20449.54
ORD00501,CUST9001,2023-05-10,,Delivered,UPI,2801.19
ORD00033,CUST0004,2024-04-07,2024-04-14,Delivered,card,10941.29
ORD00325,CUST0056,2022-10-16,2022-10-21,Delivered,upi,-8165.7
ORD00100,CUST0038,2023-01-18,2023-01-21,Delivered,card,18588.52
ORD00075,CUST0070,2023-03-03,2023-03-12,Delivered,card,3912.86
ORD00223,CUST0142,2023-06-20,,Cancelled,COD,7240.38
ORD00247,CUST0025,2022-06-07,,Pending,COD,2850.56
ORD00306,CUST0020,2024-06-22,,Pending,card,22688.35
ORD00219,CUST0124,2023-06-24,2023-06-25,Delivered,COD,21619.6
ORD00095,CUST0096,2022-04-01,2022-04-07,delivered,Wallet,-18656.45
ORD00349,CUST0201,2024-03-18,,Pending,UPI,1727.59
ORD00369,CUST0050,11/01/2023,2023-01-21,Delivered,COD,2917.79
ORD00031,CUST0082,2023-08-10,2023-08-15,delivered,card,964.74
ORD00442,CUST0094,2024-03-03,,Pending,UPI,16261.06
ORD00373,CUST0190,2022-12-18,2022-12-26,Delivered,Wallet,14391.74
ORD00093,CUST0081,2024-06-09,2024-06-15,delivered,COD,1353.73
ORD00108,CUST0025,2023-10-10,,Cancelled,upi,17888.17
ORD00444,CUST0073,2022-12-28,2023-01-04,DELIVERED,UPI,9383.06
ORD00273,CUST0109,2023-08-13,,Returned,Wallet,10646.16
ORD00114,CUST0118,09/07/2023,2023-07-11,delivered,card,18513.36
ORD00364,CUST0001,2022-06-07,,Returned,Card,3443.51
ORD00486,CUST0145,2023-11-07,2023-11-15,Delivered,COD,1177.71
ORD00351,CUST0025,2024-04-17,2024-04-23,Delivered,UPI,19831.53
ORD00115,CUST0063,2023-10-25,,Cancelled,upi,19629.25
ORD00313,CUST0182,29/03/2023,2023-03-30,DELIVERED,upi,7025.01
ORD00123,CUST0094,2022-11-22,,Cancelled,upi,1797.59
ORD00466,CUST0029,2024-06-28,2024-07-06,delivered,card,24261.98
ORD00398,CUST0086,2022-09-30,,Pending,upi,192.22
ORD00171,CUST0084,2024-03-19,,Pending,card,22705.69
ORD00404,CUST0045,2022-01-26,2022-01-30,DELIVERED,UPI,19839.21
ORD00022,CUST0059,2023-11-01,2023-11-04,delivered,COD,5218.21
ORD00311,CUST0124,27/07/2022,,Pending,Wallet,21399.74
ORD00006,CUST0153,2022-07-12,2022-07-21,delivered,Wallet,1045.3
ORD00436,CUST0130,2023-04-11,,Cancelled,card,10193.47
ORD00275,CUST0160,2023-10-01,2023-10-05,Delivered,COD,3984.18
ORD00046,CUST0099,2023-06-02,2023-06-03,Delivered,Wallet,14891.69
ORD00072,CUST0103,2024-02-08,2024-02-09,delivered,card,24623.5
ORD00067,CUST0124,2023-09-22,2023-09-29,delivered,Wallet,-9644.58
ORD00230,CUST0076,04/06/2022,,Cancelled,COD,10564.05
ORD00385,CUST0034,2023-12-01,2023-12-10,Delivered,Wallet,15301.09
ORD00467,CUST0001,2022-05-23,2022-05-25,DELIVERED,COD,11917.87
ORD00041,CUST0113,2023-12-03,,Cancelled,Card,7581.96
ORD00426,CUST0134,2022-08-10,2022-08-13,delivered,Card,11497.73
ORD00355,CUST0146,2023-04-20,2023-04-28,Delivered,Wallet,1833.23
ORD00109,CUST0064,2022-05-16,,Returned,Card,12646.95
ORD00307,CUST0069,2024-01-21,2024-01-29,Delivered,UPI,13143.05
ORD00144,CUST0177,2022-07-18,2022-07-24,delivered,COD,17367.11
ORD00125,CUST0003,2022-08-12,2022-08-21,DELIVERED,upi,20609.84
ORD00379,CUST0057,2023-12-19,,Cancelled,upi,21564.16
ORD00080,CUST0142,2022-01-14,2022-01-24,Delivered,Card,23741.21
ORD00396,CUST0059,2022-08-12,2022-08-20,Delivered,UPI,968.04
ORD00008,CUST0069,2022-07-01,,Pending,Card,14706.57
ORD00301,CUST0018,2024-06-17,2024-06-26,DELIVERED,card,1077.37
ORD00270,CUST0124,2022-12-11,2022-12-12,DELIVERED,COD,2218.47
ORD00030,CUST0044,2023-08-27,2023-09-03,Delivered,Wallet,24144.13
ORD00359,CUST0088,2024-03-24,,Pending,Wallet,17973.0
ORD00384,CUST0034,2024-06-10,,Pending,Wallet,9611.9
ORD00469,CUST0060,2023-07-24,2023-07-27,DELIVERED,Wallet,7307.63
ORD00484,CUST0188,2022-05-12,,Cancelled,card,5741.7
ORD00472,CUST0021,2023-03-04,,Returned,card,6194.28
ORD00042,CUST0009,2024-04-25,,Returned,Wallet,15163.98
ORD00245,CUST0061,2023-06-03,,Cancelled,UPI,15531.39
ORD00186,CUST0141,22/12/2023,2023-12-31,Delivered,upi,22883.72
ORD00169,CUST0033,2023-05-31,2023-06-08,Delivered,upi,-13528.22
ORD00434,CUST0024,2022-03-27,2022-04-03,Delivered,Card,9024.3
ORD00318,CUST0035,2022-03-08,,Cancelled,UPI,17396.02
ORD00344,CUST0139,2023-09-03,,Returned,card,17514.2
ORD00082,CUST0099,2022-02-21,,Cancelled,UPI,21320.99
ORD00265,CUST0146,2023-10-20,,Returned,upi,9600.5
ORD00182,CUST0140,04/09/2023,,Cancelled,card,-12409.77
ORD00212,CUST0148,2023-03-08,2023-03-15,DELIVERED,UPI,2069.89
ORD00039,CUST0053,2023-11-29,2023-12-06,Delivered,COD,17293.79
ORD00440,CUST0170,2023-06-12,,Returned,COD,22210.65
ORD00038,CUST0084,2023-01-28,2023-02-07,DELIVERED,Card,6957.81
ORD00418,CUST0057,2022-11-05,2022-11-14,Delivered,UPI,24666.43
ORD00094,CUST0031,2023-01-23,,Cancelled,UPI,11531.46
ORD00425,CUST0141,2023-02-27,2023-03-03,delivered,upi,12161.75
ORD00360,CUST0202,20/08/2023,2023-08-27,DELIVERED,COD,1654.02
ORD00389,CUST0040,2023-06-22,2023-06-28,delivered,COD,-6372.21
ORD00302,CUST0138,2023-10-08,,Cancelled,COD,11044.89
ORD00145,CUST0088,2023-01-09,2023-01-07,delivered,Card,17833.76
ORD00112,CUST0130,2023-01-26,,Returned,UPI,5077.57
ORD00158,CUST0025,2022-12-28,,Pending,Wallet,-22190.58
ORD00283,CUST0015,2022-07-23,2022-08-01,delivered,UPI,1089.83
ORD00164,CUST0153,15/10/2023,,Returned,card,16577.45
ORD00336,CUST0017,2022-05-27,2022-06-05,Delivered,Card,-5209.16
ORD00423,CUST0072,2022-01-30,2022-02-01,Delivered,card,11176.04
ORD00210,CUST0023,2023-07-06,,Pending,card,12810.07
ORD00246,CUST0110,2022-09-02,2022-09-11,Delivered,Card,13149.34
ORD00263,CUST0079,2022-09-20,2022-09-30,Delivered,Card,18383.22
ORD00483,CUST0146,2023-06-20,,Pending,COD,816.11
ORD00048,CUST0200,2022-01-29,,Cancelled,upi,19517.77
ORD00133,CUST0117,2023-08-12,,Pending,Wallet,15792.41
ORD00315,CUST0201,31/03/2022,2022-04-03,delivered,COD,15316.13
ORD00502,CUST9002,2023-05-10,,Delivered,UPI,2628.24
ORD00005,CUST0141,2023-12-16,2023-12-17,DELIVERED,COD,23694.21
ORD00047,CUST0082,2023-08-24,,Pending,COD,18749.13
ORD00141,CUST0043,2024-05-04,2024-05-07,Delivered,upi,21321.05
ORD00433,CUST0126,2022-02-04,2022-02-12,delivered,card,20550.15
ORD00172,CUST0050,2022-04-11,,Pending,Card,22761.13
ORD00506,CUST9006,2023-05-10,,Delivered,UPI,2183.81
ORD00132,CUST0203,2023-12-04,2023-12-03,delivered,UPI,4532.0
ORD00237,CUST0048,29/11/2022,,Pending,Wallet,-19749.68
ORD00065,CUST0149,2023-10-09,,Pending,UPI,11356.13
ORD00240,CUST0011,2023-07-04,,Cancelled,Wallet,5893.6
ORD00107,CUST0156,2023-12-18,2023-12-23,DELIVERED,upi,21531.62
ORD00266,CUST0071,2022-12-09,2022-12-16,delivered,UPI,21757.68
ORD00323,CUST0181,18/07/2022,2022-07-26,Delivered,UPI,18462.96
ORD00139,CUST0204,12/02/2022,2022-02-19,DELIVERED,UPI,7686.81
ORD00170,CUST0009,2023-11-26,2023-12-03,DELIVERED,UPI,17471.31
ORD00111,CUST0001,2023-11-22,2023-11-27,DELIVERED,Wallet,20226.79
ORD00242,CUST0018,2023-05-12,2023-05-17,DELIVERED,Wallet,4825.42
ORD00445,CUST0037,2023-06-24,2023-07-03,delivered,upi,22496.33
ORD00130,CUST0115,2023-11-18,,Cancelled,card,10662.82
ORD00078,CUST0144,2022-07-23,,Pending,Card,9012.25
ORD00297,CUST0019,2022-10-04,,Cancelled,card,16816.34
ORD00282,CUST0152,2022-08-25,2022-08-27,DELIVERED,Wallet,21682.64
ORD00410,CUST0070,2023-05-25,2023-05-29,DELIVERED,Card,10712.67
ORD00204,CUST0062,2024-04-13,,Pending,upi,10862.25
ORD00089,CUST0100,28/03/2023,,Pending,UPI,17643.75
ORD00447,CUST0202,2022-03-24,,Cancelled,COD,23960.59
ORD00508,CUST9008,2023-05-10,,Delivered,UPI,2586.86
ORD00122,CUST0190,2024-03-03,2024-03-08,DELIVERED,upi,13798.99
ORD00136,CUST0053,2022-03-30,2022-04-06,delivered,card,867.4
ORD00367,CUST0052,2023-06-06,2023-06-13,delivered,Card,-10676.82
ORD00314,CUST0115,2022-02-20,2022-02-19,Delivered,card,14494.51
ORD00018,CUST0018,2022-06-20,2022-06-27,delivered,Wallet,2625.57
ORD00488,CUST0076,2022-05-30,,Pending,COD,8869.86
ORD00285,CUST0143,2023-10-03,2023-10-08,DELIVERED,card,6516.22
ORD00152,CUST0037,2022-01-11,2022-01-14,DELIVERED,Card,11210.89
ORD00025,CUST0202,2022-10-29,,Returned,upi,12060.18
ORD00463,CUST0096,2023-11-25,2023-12-04,Delivered,Wallet,8012.17
ORD00368,CUST0144,2024-05-17,,Returned,upi,6804.34
ORD00184,CUST0113,2022-08-26,,Returned,UPI,9057.53
ORD00456,CUST0065,2023-03-28,,Cancelled,Card,-14105.93
ORD00191,CUST0046,2023-10-11,,Cancelled,card,17559.28
ORD00291,CUST0159,2022-03-11,,Returned,UPI,4684.97
ORD00504,CUST9004,2023-05-10,,Delivered,UPI,2245.33
ORD00437,CUST0051,2023-10-04,,Returned,UPI,21523.53
ORD00427,CUST0103,2022-10-04,,Cancelled,UPI,17336.04
ORD00147,CUST0096,2023-01-03,2023-01-12,delivered,card,15205.03
ORD00077,CUST0053,2023-12-19,2023-12-28,Delivered,UPI,7139.4
ORD00013,CUST0131,2023-12-07,,Cancelled,card,144.77
ORD00068,CUST0020,2024-01-19,2024-01-25,Delivered,upi,4845.36
ORD00459,CUST0179,2023-12-24,,Pending,upi,16705.5
ORD00055,CUST0023,2022-11-02,2022-11-06,DELIVERED,upi,10162.05
ORD00138,CUST0145,2024-06-06,,Pending,UPI,13882.75
ORD00422,CUST0074,10/04/2023,,Returned,UPI,23129.05
ORD00328,CUST0179,2022-05-20,,Returned,Wallet,22312.25
ORD00281,CUST0116,2024-05-22,,Pending,UPI,7383.14
ORD00202,CUST0026,2023-04-28,,Pending,Wallet,10656.18
ORD00333,CUST0202,2023-05-24,,Pending,COD,5481.88
ORD00279,CUST0113,16/11/2023,2023-11-14,DELIVERED,UPI,7171.94
ORD00272,CUST0023,2023-08-09,2023-08-18,DELIVERED,UPI,6729.8
ORD00128,CUST0186,2024-04-21,2024-04-30,DELIVERED,UPI,7481.21
ORD00417,CUST0024,2022-06-28,2022-07-08,Delivered,Wallet,15340.04
ORD00224,CUST0056,2023-05-19,2023-05-15,delivered,COD,14965.39
ORD00430,CUST0038,2023-05-16,,Cancelled,upi,11889.88
ORD00154,CUST0018,2022-08-13,,Cancelled,UPI,6682.49
ORD00086,CUST0023,2024-06-26,2024-06-29,Delivered,UPI,24541.07
ORD00428,CUST0187,2022-04-24,2022-05-01,delivered,COD,5574.35
ORD00258,CUST0128,2023-02-27,2023-03-05,delivered,upi,13686.09
ORD00363,CUST0116,2022-06-27,,Cancelled,upi,9676.42
ORD00406,CUST0175,2022-08-05,,Returned,upi,11513.42
ORD00106,CUST0183,2024-02-20,2024-02-26,delivered,Wallet,20139.44
ORD00052,CUST0171,2024-05-22,,Pending,COD,16962.18
ORD00399,CUST0071,2023-05-18,2023-05-20,delivered,UPI,9672.15
ORD00412,CUST0138,2022-02-16,,Pending,COD,3616.8
ORD00166,CUST0058,2022-07-06,2022-07-11,DELIVERED,card,8632.51
ORD00334,CUST0095,2023-01-19,,Cancelled,UPI,-11149.97
ORD00316,CUST0146,2023-08-10,,Cancelled,Wallet,18758.44
ORD00163,CUST0083,31/05/2022,,Pending,upi,23960.13
ORD00012,CUST0043,2024-03-16,,Returned,upi,20379.91
ORD00326,CUST0109,2022-12-08,,Returned,upi,-15438.23
ORD00329,CUST0149,2023-04-19,2023-04-20,delivered,COD,14167.07
ORD00137,CUST0188,2022-05-20,2022-05-25,DELIVERED,Card,7521.61
ORD00216,CUST0011,2024-02-07,,Cancelled,Wallet,2664.93
ORD00507,CUST9007,2023-05-10,,Delivered,UPI,768.31
ORD00217,CUST0082,16/07/2023,2023-07-25,delivered,UPI,2687.82
ORD00450,CUST0018,2023-03-31,2023-04-05,Delivered,UPI,21807.66
ORD00020,CUST0002,29/10/2022,,Pending,UPI,8611.02
ORD00167,CUST0161,2022-03-12,2022-03-15,delivered,Card,13115.51
ORD00276,CUST0078,2022-04-26,,Cancelled,upi,23175.57
ORD00011,CUST0061,2023-05-14,,Cancelled,card,24221.7
ORD00432,CUST0161,2022-06-02,2022-06-09,Delivered,UPI,24782.71
ORD00173,CUST0016,2024-06-16,,Pending,card,-18616.78
ORD00059,CUST0068,2024-06-16,,Pending,Card,18548.88
ORD00157,CUST0171,2023-11-01,2023-11-03,DELIVERED,Wallet,24319.59
ORD00457,CUST0159,2022-12-19,2022-12-28,delivered,upi,7608.84
ORD00441,CUST0028,2023-04-22,,Pending,card,14013.88
ORD00335,CUST0084,2023-05-28,,Pending,card,21859.59
ORD00121,CUST0201,2023-04-23,,Cancelled,UPI,3927.21
ORD00127,CUST0018,2023-11-30,2023-12-02,delivered,upi,-18126.99
ORD00126,CUST0119,2022-04-28,2022-05-02,delivered,upi,22973.32
ORD00321,CUST0021,2023-03-14,,Pending,upi,24876.11
ORD00180,CUST0155,2024-04-03,,Cancelled,Wallet,23153.96
ORD00211,CUST0096,29/06/2024,2024-07-04,DELIVERED,Card,21719.62
ORD00408,CUST0090,2022-01-20,2022-01-21,DELIVERED,card,3350.39
ORD00177,CUST0084,2022-09-17,2022-09-23,DELIVERED,Wallet,18420.98
ORD00461,CUST0130,2023-02-16,,Cancelled,Wallet,8999.1
ORD00421,CUST0088,2022-02-25,,Pending,COD,8423.94
ORD00195,CUST0141,2022-07-24,,Cancelled,COD,5248.79
ORD00175,CUST0063,2023-10-30,,Pending,Wallet,14160.29
ORD00382,CUST0176,2022-02-25,2022-02-26,Delivered,Wallet,11958.18
ORD00299,CUST0063,2023-02-19,2023-02-26,DELIVERED,Wallet,15326.47
ORD00179,CUST0035,2023-09-21,,Returned,UPI,4102.38
ORD00188,CUST0039,2022-06-29,2022-07-08,Delivered,COD,8565.15
ORD00066,CUST0009,2022-06-22,,Cancelled,Wallet,19651.75
ORD00024,CUST0169,09/04/2022,2022-04-18,DELIVERED,Card,-1457.17
ORD00317,CUST0164,2022-04-06,,Pending,Wallet,20524.59
ORD00015,CUST0188,2023-10-17,2023-10-20,delivered,UPI,6026.1
ORD00032,CUST0186,2024-03-30,2024-04-02,DELIVERED,Wallet,4404.69
ORD00165,CUST0078,2022-08-10,2022-08-18,delivered,Wallet,15060.88
ORD00474,CUST0039,2023-10-06,,Returned,UPI,9392.74
ORD00181,CUST0091,2022-09-27,2022-09-23,Delivered,Wallet,15387.74
ORD00194,CUST0083,2022-10-03,,Returned,card,23263.36
ORD00435,CUST0076,2022-01-17,,Pending,Wallet,21462.26
ORD00487,CUST0119,2024-02-12,2024-02-22,Delivered,Card,4701.07
ORD00135,CUST0088,2023-12-19,,Pending,UPI,7316.93
ORD00201,CUST0046,2023-08-18,,Pending,COD,4760.1
ORD00029,CUST0113,2023-11-15,,Returned,COD,20223.69
ORD00260,CUST0146,2022-01-17,,Pending,Card,5449.09
ORD00081,CUST0185,2024-01-11,,Pending,Wallet,24717.78
ORD00288,CUST0005,2023-03-13,2023-03-19,DELIVERED,Card,5248.26
ORD00407,CUST0064,2022-06-02,,Cancelled,UPI,1018.25
ORD00241,CUST0072,2023-10-23,2023-10-19,delivered,COD,18137.54
ORD00293,CUST0063,2024-04-21,,Returned,COD,3883.73
ORD00357,CUST0136,2024-06-27,,Returned,UPI,18951.24
ORD00465,CUST0128,2022-01-13,,Pending,Wallet,21870.11
ORD00341,CUST0070,2022-01-16,2022-01-25,DELIVERED,upi,8822.92
ORD00292,CUST0134,15/01/2024,,Pending,Wallet,24033.79
ORD00490,CUST0069,2022-07-16,,Cancelled,upi,207.79
ORD00250,CUST0032,2023-01-11,,Returned,UPI,425.84
ORD00200,CUST0109,2024-03-05,2024-03-14,Delivered,card,309.62
ORD00470,CUST0013,2024-05-04,2024-05-13,delivered,Card,-768.32
ORD00503,CUST9003,2023-05-10,,Delivered,UPI,1686.79
ORD00353,CUST0183,2023-08-29,2023-09-08,delivered,upi,17383.92
ORD00362,CUST0011,2023-08-28,,Pending,Wallet,9600.97
ORD00085,CUST0092,2022-04-27,2022-05-02,delivered,card,21281.72
ORD00375,CUST0013,2024-01-15,,Pending,Wallet,14495.71
ORD00443,CUST0118,2023-08-18,,Returned,Card,18854.02
ORD00482,CUST0067,2023-05-07,,Returned,COD,3561.45
ORD00091,CUST0056,2023-12-19,2023-12-23,delivered,card,16939.76
ORD00354,CUST0077,2022-03-21,,Returned,upi,20935.03
ORD00019,CUST0050,2023-10-29,,Cancelled,Card,11337.06
ORD00236,CUST0055,27/06/2024,,Returned,Card,24334.52
ORD00227,CUST0200,2023-10-27,,Pending,UPI,4641.94
ORD00193,CUST0129,2022-03-19,,Cancelled,Wallet,7915.43
ORD00162,CUST0088,2022-05-11,,Cancelled,Card,-15775.56
ORD00231,CUST0144,2023-01-16,2023-01-22,Delivered,Card,1495.35
ORD00197,CUST0116,2023-05-20,2023-05-21,DELIVERED,COD,15554.62
ORD00061,CUST0158,2024-02-02,2024-02-08,delivered,upi,7421.87
ORD00221,CUST0052,2023-10-09,2023-10-16,DELIVERED,card,13391.22
ORD00017,CUST0189,2022-09-20,,Returned,UPI,1298.87
ORD00010,CUST0137,2022-04-14,,Pending,Card,18335.57
ORD00280,CUST0110,05/10/2022,,Returned,UPI,1758.29
ORD00277,CUST0021,2022-01-15,2022-01-20,Delivered,UPI,8363.73
ORD00176,CUST0027,2023-02-11,2023-02-20,delivered,Wallet,4550.12
ORD00278,CUST0004,2022-07-28,,Pending,upi,18275.1
ORD00134,CUST0067,2023-02-03,2023-02-04,DELIVERED,upi,1674.62
ORD00259,CUST0035,2024-02-02,2024-02-10,delivered,UPI,18185.2
ORD00449,CUST0174,2022-01-24,,Returned,upi,23299.86
ORD00416,CUST0183,2024-04-06,2024-04-09,delivered,card,6846.65
ORD00481,CUST0173,2024-05-16,2024-05-18,DELIVERED,UPI,3002.48
ORD00151,CUST0071,2023-08-27,,Pending,upi,12809.26
ORD00104,CUST0059,2024-05-08,2024-05-11,DELIVERED,Card,18289.32
ORD00500,CUST9000,2023-05-10,,Delivered,UPI,2810.58
ORD00477,CUST0045,2024-02-24,2024-03-05,Delivered,upi,8132.91
ORD00489,CUST0075,2024-01-17,2024-01-27,DELIVERED,upi,19104.78
ORD00339,CUST0074,2022-11-16,,Cancelled,COD,5093.83
ORD00040,CUST0082,2022-10-03,2022-10-09,Delivered,COD,7842.64
ORD00050,CUST0075,2024-02-25,2024-02-28,delivered,upi,20041.53
ORD00320,CUST0029,2023-10-07,2023-10-15,Delivered,upi,23353.9
ORD00319,CUST0173,2023-02-28,,Returned,Card,15340.14
ORD00156,CUST0023,2022-11-28,2022-12-03,DELIVERED,COD,14507.92
ORD00079,CUST0014,2022-02-10,,Cancelled,card,23334.8
ORD00478,CUST0109,2024-03-30,,Returned,card,17239.83
ORD00383,CUST0118,2023-06-30,,Returned,card,9812.76
ORD00310,CUST0058,31/12/2023,,Pending,Wallet,7290.64
ORD00196,CUST0104,2024-05-06,,Cancelled,UPI,3084.97
ORD00452,CUST0034,2024-05-12,2024-05-17,delivered,COD,4376.25
ORD00014,CUST0083,2023-02-05,2023-02-06,DELIVERED,COD,23033.85
ORD00454,CUST0014,2023-12-30,,Cancelled,Card,20999.36
ORD00420,CUST0045,2022-04-26,,Returned,Wallet,12488.12
ORD00035,CUST0086,2023-07-24,,Pending,upi,11508.11
ORD00028,CUST0084,2023-03-27,,Cancelled,COD,14149.74
ORD00378,CUST0060,2023-08-29,,Returned,Wallet,9307.19
ORD00051,CUST0053,2024-04-04,,Returned,card,16104.23
ORD00016,CUST0178,2023-10-14,2023-10-20,Delivered,COD,5321.14
ORD00069,CUST0174,2024-01-22,,Returned,COD,7871.1
ORD00322,CUST0124,2023-09-22,2023-09-30,DELIVERED,Card,22103.23
ORD00119,CUST0027,2022-03-18,,Cancelled,card,12894.79
ORD00255,CUST0174,2022-07-03,2022-07-10,DELIVERED,card,14456.44
ORD00251,CUST0090,2023-05-19,2023-05-27,Delivered,UPI,9087.06
ORD00129,CUST0073,2023-06-11,2023-06-14,Delivered,upi,13376.82
ORD00424,CUST0018,2022-07-23,,Pending,UPI,8220.69
ORD00056,CUST0136,09/01/2024,2024-01-14,delivered,Wallet,10174.51
ORD00233,CUST0204,2024-02-26,2024-03-05,delivered,UPI,5059.58
ORD00394,CUST0086,2022-12-07,,Pending,COD,4530.44
ORD00076,CUST0151,2022-01-10,,Returned,UPI,16595.83
ORD00419,CUST0110,2023-01-06,2023-01-15,DELIVERED,card,16517.25
ORD00262,CUST0005,07/04/2022,,Pending,COD,9240.36
ORD00249,CUST0049,2022-07-16,2022-07-23,DELIVERED,upi,15636.87
ORD00208,CUST0085,2023-05-03,2023-05-11,Delivered,COD,9087.95
ORD00309,CUST0080,2022-12-10,,Returned,Card,4136.89
ORD00342,CUST0112,2023-12-23,2023-12-27,DELIVERED,COD,15370.25
ORD00455,CUST0053,2024-03-24,,Cancelled,UPI,1124.67
ORD00183,CUST0068,2024-04-03,,Cancelled,UPI,19620.59
ORD00205,CUST0134,2024-03-30,,Cancelled,Wallet,20161.14
ORD00330,CUST0132,03/07/2023,2023-07-09,DELIVERED,COD,1748.7
ORD00405,CUST0144,2023-07-01,2023-06-30,delivered,COD,19715.69
ORD00388,CUST0092,2022-11-17,,Returned,UPI,-20809.07
ORD00140,CUST0147,2022-12-19,,Returned,upi,3647.13
ORD00304,CUST0056,2023-06-14,2023-06-22,delivered,upi,2917.97
ORD00298,CUST0041,2022-03-09,2022-03-19,delivered,COD,21682.7
ORD00393,CUST0053,2024-02-28,,Pending,UPI,7004.46
ORD00366,CUST0001,2024-05-30,,Returned,upi,23264.74
ORD00392,CUST0114,2022-10-29,2022-11-06,Delivered,COD,19257.04
ORD00143,CUST0049,2022-12-05,,Returned,card,5939.87
ORD00256,CUST0011,2023-11-13,2023-11-16,Delivered,upi,10098.77
ORD00372,CUST0116,16/11/2023,,Returned,upi,19972.65
ORD00509,CUST9009,2023-05-10,,Delivered,UPI,2953.25
ORD00120,CUST0063,2022-10-13,,Cancelled,Card,14641.25
ORD00063,CUST0175,2024-06-07,2024-06-12,DELIVERED,Card,3520.39
ORD00207,CUST0049,2022-11-04,2022-11-05,DELIVERED,card,4167.21
ORD00305,CUST0113,2023-07-14,2023-07-20,delivered,Card,11396.65
ORD00103,CUST0012,2023-11-06,2023-11-09,DELIVERED,UPI,13306.07
ORD00174,CUST0038,2022-05-01,2022-05-05,delivered,COD,10280.24
ORD00102,CUST0001,2022-02-17,,Returned,upi,3168.16
ORD00187,CUST0107,2022-08-20,,Cancelled,Wallet,23249.87
ORD00034,CUST0174,2022-06-01,,Pending,card,22862.93
ORD00087,CUST0167,2023-03-03,2023-03-13,delivered,Card,15321.95
ORD00380,CUST0078,2022-05-29,,Cancelled,Wallet,18843.76
ORD00053,CUST0111,2023-08-22,2023-08-28,DELIVERED,upi,15265.35
ORD00303,CUST0009,2024-04-27,,Cancelled,Wallet,7431.05
ORD00356,CUST0146,2024-02-29,,Pending,card,1630.91
ORD00206,CUST0144,2022-05-18,,Returned,upi,13396.17
ORD00446,CUST0051,2024-03-30,,Returned,UPI,4790.0
ORD00074,CUST0071,2023-07-02,2023-07-03,DELIVERED,card,20919.39
ORD00062,CUST0102,2022-02-24,2022-03-06,DELIVERED,UPI,11858.27
ORD00044,CUST0165,2022-03-09,2022-03-16,DELIVERED,upi,-21995.38
ORD00347,CUST0166,2022-04-10,,Returned,card,17784.38
ORD00338,CUST0202,2022-12-08,2022-12-10,Delivered,card,-18664.31
ORD00268,CUST0097,2022-12-01,,Cancelled,Card,1357.94
ORD00225,CUST0035,2023-01-18,2023-01-25,DELIVERED,Card,17901.96
ORD00203,CUST0118,2023-01-17,2023-01-22,delivered,upi,3365.37
ORD00054,CUST0098,09/05/2023,,Pending,COD,6602.56
ORD00345,CUST0007,2022-12-07,,Returned,card,20251.57
ORD00252,CUST0001,2024-04-21,,Returned,UPI,20608.71
ORD00346,CUST0044,2024-02-22,,Cancelled,UPI,20339.99
ORD00007,CUST0156,13/08/2022,2022-08-14,delivered,upi,5116.46
ORD00092,CUST0132,20/09/2023,,Returned,Card,12688.63
ORD00189,CUST0135,2022-09-21,2022-09-26,DELIVERED,Wallet,14122.9
ORD00348,CUST0079,2022-08-18,2022-08-23,DELIVERED,Wallet,4665.49
ORD00244,CUST0177,2023-06-28,,Pending,upi,-9241.11
ORD00411,CUST0141,2023-11-26,2023-12-06,Delivered,COD,20927.03
ORD00468,CUST0149,2022-03-09,2022-03-16,DELIVERED,Wallet,16006.27
ORD00036,CUST0072,2023-12-19,2023-12-26,DELIVERED,Card,3790.17
ORD00439,CUST0050,2024-03-24,,Returned,UPI,15549.33
ORD00097,CUST0101,2023-07-30,,Returned,Wallet,23763.84
ORD00220,CUST0154,2022-10-06,,Cancelled,card,13528.26
ORD00438,CUST0056,2022-12-07,,Pending,COD,17481.57
ORD00149,CUST0067,2024-05-19,2024-05-29,Delivered,upi,-5397.74
ORD00505,CUST9005,2023-05-10,,Delivered,UPI,962.81
ORD00284,CUST0006,2022-12-08,,Returned,Card,557.47
ORD00116,CUST0021,2023-12-11,2023-12-18,delivered,card,7885.08
ORD00228,CUST0061,2023-04-12,,Pending,Wallet,-4775.96
ORD00431,CUST0019,2024-01-18,,Cancelled,Card,8249.67
ORD00352,CUST0105,2023-08-28,2023-09-01,DELIVERED,Wallet,9657.03
ORD00160,CUST0156,2024-01-05,,Returned,Card,10423.88
ORD00377,CUST0057,2022-10-12,2022-10-17,DELIVERED,COD,453.65
ORD00308,CUST0008,2023-06-08,,Cancelled,Wallet,13803.61
ORD00234,CUST0108,2023-06-18,,Cancelled,Wallet,9789.16
ORD00146,CUST0107,2024-05-10,,Returned,card,8355.92
ORD00198,CUST0050,2024-06-08,,Cancelled,upi,7078.64
ORD00060,CUST0184,2024-02-21,,Returned,COD,16395.42
ORD00253,CUST0018,22/01/2024,,Pending,Card,24018.61
ORD00168,CUST0109,2023-03-06,2023-03-08,DELIVERED,upi,15035.36
ORD00043,CUST0160,2022-08-05,2022-08-13,delivered,COD,20543.33
ORD00021,CUST0014,20/01/2024,2024-01-26,Delivered,upi,22341.33
ORD00370,CUST0056,2022-03-23,,Returned,upi,24591.12
ORD00286,CUST0162,2023-07-23,,Cancelled,Card,8610.48
ORD00148,CUST0136,2023-07-06,,Returned,card,2003.91
ORD00361,CUST0190,2022-01-01,,Pending,COD,21655.42
ORD00185,CUST0165,2022-03-30,2022-04-05,delivered,Wallet,14693.4
ORD00391,CUST0202,2024-05-26,2024-06-05,delivered,Card,22410.44
ORD00254,CUST0147,2022-08-25,,Cancelled,Card,13202.18
ORD00070,CUST0037,2023-08-26,2023-08-27,Delivered,COD,11452.57
ORD00267,CUST0090,2024-05-19,2024-05-26,Delivered,upi,1125.44
ORD00057,CUST0072,2023-12-27,,Cancelled,COD,18191.09
ORD00239,CUST0109,2023-09-26,,Returned,UPI,1588.4
ORD00064,CUST0182,2023-08-07,2023-08-10,delivered,card,4590.88
ORD00161,CUST0070,2023-05-09,2023-05-13,delivered,card,-20850.79
ORD00390,CUST0110,05/04/2022,2022-04-09,DELIVERED,card,3132.57
ORD00058,CUST0033,2023-10-16,,Returned,COD,12732.14
ORD00209,CUST0085,19/12/2022,2022-12-25,Delivered,upi,5054.06
ORD00117,CUST0019,2024-02-01,2024-02-09,DELIVERED,card,17645.26
ORD00264,CUST0008,2023-05-10,,Returned,card,14448.19
ORD00110,CUST0073,2023-12-29,,Pending,upi,14308.89
ORD00218,CUST0078,2023-11-02,2023-11-07,delivered,card,7175.96
