item_id,order_id,product_id,quantity,unit_price,discount_percent
ITEM00369,ORD00379,PROD025,1,1217.79,22.3
ITEM00200,ORD00464,PROD025,3,2470.62,15.7
ITEM00577,ORD00184,PROD047,4,7857.68,10.7
ITEM00285,ORD00442,PROD015,2,2469.62,3.3
ITEM00637,ORD00086,PROD033,1,2741.15,11.1
ITEM01209,ORD00370,PROD039,4,2011.01,25.4
ITEM00704,ORD00432,PROD006,2,6736.95,15.7
ITEM01220,ORD00361,PROD025,3,1982.93,21.2
ITEM00516,ORD00242,PROD010,5,7733.52,12.4
ITEM00973,ORD00028,PROD001,5,6084.84,17.6
ITEM00905,ORD00416,PROD007,4,6682.5,17.1
ITEM00557,ORD00018,PROD013,3,2519.21,27.8
ITEM00939,ORD00319,PROD050,4,6731.81,11.3
ITEM01108,ORD00074,PROD004,5,6359.88,20.8
ITEM00600,ORD00459,PROD047,3,5374.02,26.3
ITEM00504,ORD00107,PROD042,4,3594.6,24.4
ITEM01175,ORD00284,PROD001,3,6347.08,3.4
ITEM00710,ORD00059,PROD048,1,3613.29,29.2
ITEM00914,ORD00104,PROD012,3,7001.37,23.2
ITEM00641,ORD00428,PROD007,5,2642.22,21.5
ITEM01155,ORD00468,PROD040,5,4032.4,0.9
ITEM00178,ORD00415,PROD034,4,4059.38,8.1
ITEM00395,ORD00472,PROD001,1,6582.39,25.6
ITEM00588,ORD00437,PROD013,3,5495.02,6.8
ITEM00626,ORD00128,PROD025,4,7412.36,140.2
ITEM00115,ORD00403,PROD046,1,970.2,4.3
ITEM00778,ORD00165,PROD037,5,3746.6,14.6
ITEM00035,ORD00381,PROD019,2,4028.59,13.0
ITEM00725,ORD00127,PROD010,2,7021.99,9.7
ITEM00396,ORD00042,PROD031,5,6560.63,9.2
ITEM00623,ORD00272,PROD049,5,413.29,21.8
ITEM00901,ORD00449,PROD039,5,980.9,10.5
ITEM01244,ORD00390,PROD010,5,392.53,6.6
ITEM00010,ORD00073,PROD018,3,3180.17,12.9
ITEM00804,ORD00260,PROD049,3,4027.9,7.0
ITEM00486,ORD00172,PROD032,1,3994.83,18.8
ITEM00869,ORD00197,PROD036,5,5578.65,4.2
ITEM00872,ORD00061,PROD017,5,380.48,3.6
ITEM00420,ORD00039,PROD042,1,1553.93,4.8
ITEM01252,ORD00264,PROD011,1,3964.78,2.0
ITEM00845,ORD00375,PROD035,1,5144.46,5.9
ITEM00335,ORD00436,PROD006,1,7569.96,5.0
ITEM00573,ORD00368,PROD035,2,2462.28,20.0
ITEM00055,ORD00002,PROD029,5,2499.68,24.9
ITEM00185,ORD00475,PROD042,1,7427.53,3.0
ITEM00598,ORD00068,PROD038,4,7882.48,19.6
ITEM00572,ORD00368,PROD012,2,5328.23,5.1
ITEM01010,ORD00262,PROD026,2,4527.05,14.9
ITEM00834,ORD00470,PROD031,5,7784.75,19.3
ITEM00540,ORD00447,PROD048,3,5931.56,29.7
ITEM00890,ORD00176,PROD032,5,7963.79,12.5
ITEM00944,ORD00156,PROD043,1,1609.75,18.9
ITEM00751,ORD00175,PROD017,4,4021.11,17.4
ITEM01021,ORD00455,PROD005,1,7304.33,28.1
ITEM00476,ORD00502,PROD037,4,5162.93,29.3
ITEM01132,ORD00054,PROD045,5,375.96,16.9
ITEM00995,ORD00424,PROD044,1,524.73,28.4
ITEM00610,ORD00328,PROD047,2,797.57,3.8
ITEM01023,ORD00183,PROD017,3,5166.24,14.4
ITEM00642,ORD00258,PROD014,4,454.28,21.8
ITEM00796,ORD00135,PROD018,4,7812.0,9.5
ITEM01054,ORD00392,PROD002,3,7255.37,11.4
ITEM00344,ORD00072,PROD026,2,7447.05,28.8
ITEM00971,ORD00028,PROD014,4,5638.21,9.1
ITEM00078,ORD00376,PROD034,3,3652.11,23.1
ITEM00391,ORD00469,PROD026,5,1319.47,12.8
ITEM00073,ORD00485,PROD011,3,6143.32,15.0
ITEM00922,ORD00489,PROD049,2,7650.02,12.7
ITEM00286,ORD00373,PROD048,1,1193.86,9.4
ITEM00621,ORD00279,PROD014,4,3562.46,1.6
ITEM00029,ORD00199,PROD022,1,7854.41,3.7
ITEM00742,ORD00177,PROD034,1,3344.75,25.1
ITEM00816,ORD00241,PROD025,5,1705.65,27.4
ITEM01081,ORD00102,PROD036,3,3994.97,21.7
ITEM00240,ORD00142,PROD001,1,745.88,5.8
ITEM01178,ORD00116,PROD010,2,1334.14,22.8
ITEM00445,ORD00158,PROD011,5,769.23,11.6
ITEM00036,ORD00324,PROD044,5,5391.06,25.0
ITEM00053,ORD00287,PROD028,5,2547.16,13.9
ITEM00639,ORD00428,PROD022,4,3122.78,28.3
ITEM00506,ORD00266,PROD039,3,2044.09,139.4
ITEM00839,ORD00353,PROD048,2,456.16,18.8
ITEM01049,ORD00393,PROD032,1,4804.52,29.8
ITEM00692,ORD00020,PROD036,2,481.38,0.6
ITEM00025,ORD00290,PROD023,5,4045.31,25.4
ITEM00999,ORD00233,PROD014,1,1648.5,6.6
ITEM00978,ORD00051,PROD017,4,2231.94,6.0
ITEM01185,ORD00377,PROD024,3,3823.16,24.2
ITEM01150,ORD00244,PROD032,2,5620.51,9.2
ITEM01190,ORD00146,PROD016,5,7784.26,5.8
ITEM00451,ORD00283,PROD024,4,1864.68,138.2
ITEM01106,ORD00446,PROD009,2,1474.38,21.4
ITEM00358,ORD00355,PROD016,3,6940.5,29.8
ITEM01068,ORD00207,PROD015,2,6721.12,8.9
ITEM00690,ORD00450,PROD042,1,3024.36,6.0
ITEM00427,ORD00038,PROD011,5,1852.9,0.3
ITEM01168,ORD00149,PROD009,5,3617.16,11.0
ITEM00361,ORD00109,PROD018,2,3525.16,18.5
ITEM00975,ORD00378,PROD012,1,4060.81,3.6
ITEM00578,ORD00456,PROD023,5,689.57,19.7
ITEM00348,ORD00230,PROD032,1,5321.74,6.8
ITEM00115,ORD00403,PROD046,1,970.2,4.3
ITEM01210,ORD00286,PROD029,2,3198.91,18.5
ITEM00235,ORD00153,PROD009,3,1775.69,11.3
ITEM00786,ORD00181,PROD041,1,2986.51,1.1
ITEM00146,ORD00101,PROD028,1,5085.12,10.0
ITEM00453,ORD00164,PROD020,4,4293.27,20.1
ITEM00410,ORD00344,PROD025,1,3490.36,17.3
ITEM00440,ORD00302,PROD017,4,1295.49,3.7
ITEM00214,ORD00090,PROD005,4,6018.47,25.7
ITEM01075,ORD00103,PROD013,2,533.06,10.6
ITEM01112,ORD00044,PROD049,-1,4039.37,20.1
ITEM01117,ORD00347,PROD017,3,7203.84,11.8
ITEM01095,ORD00053,PROD031,5,2327.51,9.6
ITEM00737,ORD00180,PROD032,2,7024.51,22.5
ITEM00487,ORD00506,PROD025,3,3716.85,4.8
ITEM00425,ORD00038,PROD025,2,3097.53,12.7
ITEM00387,ORD00384,PROD029,2,1790.57,18.9
ITEM00229,ORD00453,PROD039,4,994.15,16.1
ITEM01090,ORD00087,PROD046,5,6543.91,7.5
ITEM01003,ORD00394,PROD010,5,5414.56,26.5
ITEM01086,ORD00034,PROD045,2,7769.36,1.9
ITEM00375,ORD00008,PROD045,2,7655.26,1.8
ITEM01116,ORD00347,PROD018,5,3229.67,25.0
ITEM00624,ORD00272,PROD028,1,4515.69,28.6
ITEM00460,ORD00210,PROD041,4,4711.34,1.1
ITEM00177,ORD00415,PROD049,5,4247.36,5.4
ITEM00818,ORD00241,PROD019,1,1814.66,13.8
ITEM00041,ORD00229,PROD020,2,5537.65,9.0
ITEM01176,ORD00284,PROD038,0,2692.33,7.3
ITEM00616,ORD00333,PROD018,1,1269.63,29.3
ITEM00385,ORD00030,PROD015,3,7778.52,16.1
ITEM00821,ORD00293,PROD044,4,7965.17,25.9
ITEM01089,ORD00087,PROD013,2,6296.44,17.2
ITEM00843,ORD00085,PROD048,2,7356.24,27.2
ITEM00294,ORD00108,PROD045,1,6253.1,25.7
ITEM01029,ORD00330,PROD047,5,1892.28,5.7
ITEM00836,ORD00470,PROD034,4,7197.64,0.4
ITEM01153,ORD00411,PROD008,4,5360.36,0.3
ITEM01026,ORD00205,PROD030,4,4423.69,6.8
ITEM00771,ORD00317,PROD039,4,2905.56,20.1
ITEM00478,ORD00005,PROD041,5,6775.64,18.8
ITEM01044,ORD00298,PROD025,4,355.64,20.6
ITEM00049,ORD00471,PROD031,4,6976.49,29.0
ITEM00270,ORD00247,PROD024,3,6571.41,28.2
ITEM01249,ORD00117,PROD010,2,3194.34,11.8
ITEM00384,ORD00030,PROD040,3,646.65,24.5
ITEM00064,ORD00374,PROD042,3,6438.09,25.3
ITEM00695,ORD00167,PROD048,3,796.91,15.1
ITEM00904,ORD00416,PROD017,2,4411.89,28.7
ITEM01243,ORD00161,PROD031,1,1709.14,27.7
ITEM00332,ORD00006,PROD024,2,3462.3,13.7
ITEM00791,ORD00194,PROD048,3,374.59,28.5
ITEM01118,ORD00347,PROD029,1,7748.33,20.2
ITEM01186,ORD00308,PROD035,5,2603.51,28.5
ITEM00495,ORD00237,PROD011,2,4005.09,26.5
ITEM00176,ORD00312,PROD014,1,6369.78,18.4
ITEM00355,ORD00041,PROD007,1,2884.14,0.4
ITEM00862,ORD00193,PROD021,5,1755.73,6.4
ITEM00842,ORD00085,PROD015,4,7839.14,8.0
ITEM00925,ORD00339,PROD043,3,5920.99,17.8
ITEM00604,ORD00055,PROD031,3,7036.31,6.8
ITEM00700,ORD00276,PROD019,5,3182.79,29.8
ITEM00528,ORD00282,PROD028,2,3341.0,17.8
ITEM00918,ORD00500,PROD033,2,7541.75,30.0
ITEM00667,ORD00334,PROD002,5,7686.88,16.2
ITEM00402,ORD00169,PROD006,1,1588.93,15.9
ITEM01134,ORD00054,PROD028,4,7788.68,17.3
ITEM00135,ORD00401,PROD032,-1,7255.16,21.2
ITEM00923,ORD00489,PROD004,4,7227.46,29.2
ITEM00980,ORD00051,PROD036,1,944.82,0.1
ITEM00756,ORD00382,PROD008,5,1654.12,4.2
ITEM00091,ORD00026,PROD046,5,2023.94,9.0
ITEM00159,ORD00003,PROD019,3,4237.91,19.7
ITEM01223,ORD00391,PROD006,5,5306.05,23.5
ITEM00356,ORD00426,PROD044,3,4857.28,0.2
ITEM00158,ORD00296,PROD023,3,4420.92,4.4
ITEM00155,ORD00340,PROD005,5,1710.19,17.2
ITEM00885,ORD00280,PROD021,3,5333.7,6.1
ITEM01042,ORD00304,PROD036,4,2393.63,25.4
ITEM00761,ORD00179,PROD047,3,3963.95,12.0
ITEM00549,ORD00136,PROD032,2,1371.78,29.0
ITEM00268,ORD00247,PROD003,1,6375.93,11.3
ITEM00897,ORD00259,PROD024,5,1428.37,5.2
ITEM00829,ORD00490,PROD017,5,478.81,4.2
ITEM00911,ORD00151,PROD011,4,4662.28,14.5
ITEM00520,ORD00445,PROD043,2,3203.47,14.6
ITEM00994,ORD00424,PROD031,5,4081.39,23.6
ITEM00368,ORD00379,PROD048,5,3098.42,19.5
ITEM00187,ORD00226,PROD013,5,7987.56,22.6
ITEM00825,ORD00341,PROD007,2,6111.94,17.4
ITEM00253,ORD00501,PROD033,4,3071.81,1.7
ITEM00946,ORD00079,PROD023,2,6312.94,9.7
ITEM01059,ORD00143,PROD016,1,706.68,17.2
ITEM00094,ORD00409,PROD004,4,3914.77,13.4
ITEM01004,ORD00394,PROD037,3,7053.71,22.1
ITEM00875,ORD00221,PROD035,4,2803.27,2.0
ITEM00953,ORD00383,PROD013,5,4147.73,19.3
ITEM01208,ORD00370,PROD015,3,2062.41,9.3
ITEM00512,ORD00170,PROD007,3,5849.18,6.8
ITEM00131,ORD00004,PROD002,4,2953.36,24.4
ITEM01122,ORD00268,PROD017,2,2617.23,6.5
ITEM00508,ORD00323,PROD022,1,941.93,24.1
ITEM00853,ORD00354,PROD029,3,4401.0,5.5
ITEM01094,ORD00053,PROD004,4,5137.94,9.8
ITEM00553,ORD00314,PROD006,3,5917.81,13.0
ITEM00619,ORD00333,PROD003,3,3196.58,24.8
ITEM01127,ORD00225,PROD037,2,3070.79,19.4
ITEM00104,ORD00413,PROD025,4,6702.73,4.0
ITEM00422,ORD00440,PROD046,2,1423.04,29.2
ITEM00676,ORD00326,PROD017,4,6548.18,22.0
ITEM00762,ORD00179,PROD015,5,3521.97,8.1
ITEM00310,ORD00486,PROD034,4,6729.72,16.2
ITEM00186,ORD00096,PROD035,2,5465.84,7.5
ITEM00328,ORD00022,PROD034,3,6950.11,16.5
ITEM01224,ORD00391,PROD048,2,3867.94,12.7
ITEM00889,ORD00176,PROD033,5,1149.29,22.7
ITEM00629,ORD00224,PROD008,3,2703.72,7.9
ITEM00515,ORD00242,PROD018,2,4750.93,3.6
ITEM00758,ORD00299,PROD023,1,3908.87,10.1
ITEM00711,ORD00157,PROD032,2,4291.79,4.2
ITEM00611,ORD00281,PROD021,3,7145.31,29.9
ITEM00882,ORD00010,PROD035,4,1762.59,24.6
ITEM01024,ORD00183,PROD030,5,1945.95,8.6
ITEM00906,ORD00416,PROD033,2,1312.25,19.8
ITEM01205,ORD00168,PROD049,2,7737.92,11.5
ITEM00012,ORD00402,PROD017,2,7277.16,11.1
ITEM00007,ORD00027,PROD030,2,6844.28,1.5
ITEM00434,ORD00425,PROD014,2,1456.17,28.9
ITEM01016,ORD00342,PROD022,-1,741.19,7.4
ITEM01056,ORD00143,PROD027,3,2900.66,7.8
ITEM00289,ORD00093,PROD038,2,271.67,25.6
ITEM01156,ORD00468,PROD002,3,6917.16,11.5
ITEM01237,ORD00064,PROD014,4,6052.71,13.5
ITEM00367,ORD00125,PROD007,1,6209.62,3.9
ITEM00392,ORD00469,PROD042,4,4308.87,21.8
ITEM00128,ORD00045,PROD043,3,3786.43,134.9
ITEM00990,ORD00129,PROD043,5,4254.78,19.9
ITEM00926,ORD00339,PROD049,4,3951.27,4.8
ITEM00250,ORD00232,PROD024,4,3443.4,11.8
ITEM00411,ORD00344,PROD048,2,2034.51,0.1
ITEM00303,ORD00364,PROD016,1,3293.83,9.1
ITEM00526,ORD00297,PROD036,1,1854.12,11.9
ITEM00039,ORD00476,PROD033,3,5476.23,19.4
ITEM00020,ORD00155,PROD009,4,6711.47,22.4
ITEM01182,ORD00352,PROD048,2,7605.23,15.3
ITEM00861,ORD00193,PROD014,3,3113.11,9.7
ITEM00693,ORD00020,PROD007,5,3982.22,4.7
ITEM00962,ORD00014,PROD025,3,7858.95,24.1
ITEM00671,ORD00163,PROD018,1,6468.4,22.3
ITEM00678,ORD00329,PROD036,5,1589.3,12.5
ITEM00519,ORD00445,PROD043,2,786.13,14.8
ITEM00993,ORD00424,PROD026,4,4025.63,14.7
ITEM00908,ORD00481,PROD022,4,4255.35,17.3
ITEM00407,ORD00318,PROD009,2,2950.35,14.8
ITEM01109,ORD00074,PROD006,2,1098.94,27.3
ITEM00828,ORD00490,PROD049,3,5575.71,9.9
ITEM00401,ORD00186,PROD015,1,2398.15,2.3
ITEM00309,ORD00486,PROD035,2,5665.79,11.8
ITEM00644,ORD00258,PROD037,5,4403.95,3.6
ITEM01239,ORD00064,PROD029,3,3837.52,14.0
ITEM01143,ORD00092,PROD003,3,6905.75,18.8
ITEM00059,ORD00037,PROD015,1,3491.64,9.5
ITEM00907,ORD00481,PROD019,5,1964.54,5.5
ITEM00161,ORD00003,PROD013,2,2864.11,20.0
ITEM00951,ORD00478,PROD032,2,1776.76,25.7
ITEM00820,ORD00293,PROD022,2,5831.96,2.1
ITEM01169,ORD00149,PROD002,5,3072.65,16.3
ITEM01040,ORD00304,PROD031,3,2459.98,3.0
ITEM01110,ORD00062,PROD004,-2,6774.57,6.8
ITEM00590,ORD00427,PROD014,1,7167.67,10.8
ITEM01165,ORD00438,PROD044,2,799.2,14.5
ITEM00625,ORD00272,PROD019,5,4666.3,17.0
ITEM00894,ORD00134,PROD031,1,2342.79,19.4
ITEM00871,ORD00197,PROD014,2,1975.92,10.9
ITEM01030,ORD00330,PROD047,5,3814.33,25.9
ITEM00949,ORD00478,PROD006,3,4398.23,24.2
ITEM01246,ORD00209,PROD004,5,7091.56,22.8
ITEM00315,ORD00123,PROD016,3,7577.2,27.1
ITEM00132,ORD00004,PROD023,4,6190.13,123.7
ITEM00013,ORD00213,PROD006,1,6997.26,29.2
ITEM00446,ORD00158,PROD006,3,5211.38,27.0
ITEM00433,ORD00425,PROD010,4,5082.43,28.6
ITEM00687,ORD00217,PROD041,1,3396.53,17.2
ITEM01114,ORD00044,PROD001,3,4736.35,11.0
ITEM00740,ORD00211,PROD021,1,2364.33,25.6
ITEM00963,ORD00454,PROD024,2,2985.18,28.7
ITEM00447,ORD00158,PROD006,2,7356.19,27.7
ITEM00523,ORD00130,PROD013,4,2367.14,4.9
ITEM00599,ORD00459,PROD017,2,6164.94,4.2
ITEM00675,ORD00326,PROD001,2,3134.43,28.3
ITEM00720,ORD00335,PROD019,4,2584.85,18.7
ITEM00712,ORD00157,PROD027,0,3596.74,8.8
ITEM01071,ORD00305,PROD047,1,6578.09,2.4
ITEM00518,ORD00242,PROD021,4,2257.73,8.9
ITEM01158,ORD00439,PROD025,1,6120.59,2.6
ITEM00329,ORD00311,PROD011,3,3238.59,10.4
ITEM00462,ORD00210,PROD014,2,4699.32,0.4
ITEM00586,ORD00504,PROD008,1,768.48,22.9
ITEM00072,ORD00271,PROD036,1,1502.96,3.5
ITEM01057,ORD00143,PROD019,3,3709.02,20.2
ITEM00841,ORD00362,PROD004,4,2134.18,7.7
ITEM00465,ORD00263,PROD022,1,3778.82,11.2
ITEM01211,ORD00286,PROD035,3,5451.83,13.1
ITEM00716,ORD00457,PROD009,2,6669.38,0.3
ITEM00331,ORD00006,PROD009,2,5936.29,1.6
ITEM00924,ORD00339,PROD021,2,2539.95,2.2
ITEM00171,ORD00300,PROD043,2,7821.39,29.9
ITEM00354,ORD00467,PROD049,4,7403.78,25.3
ITEM01019,ORD00455,PROD010,1,246.03,0.1
ITEM00558,ORD00018,PROD012,4,6704.05,2.9
ITEM00724,ORD00127,PROD014,0,7914.88,2.7
ITEM00269,ORD00247,PROD049,3,3891.21,10.1
ITEM00728,ORD00126,PROD020,5,809.96,18.2
ITEM00884,ORD00010,PROD002,5,6788.65,23.4
ITEM00817,ORD00241,PROD047,2,7509.7,27.6
ITEM01235,ORD00239,PROD014,1,3066.51,9.0
ITEM00324,ORD00171,PROD016,1,4345.47,20.5
ITEM00451,ORD00283,PROD024,4,1864.68,138.2
ITEM00551,ORD00136,PROD019,5,4009.26,0.2
ITEM01080,ORD00102,PROD018,3,4079.11,4.7
ITEM01179,ORD00228,PROD037,2,6076.63,25.2
ITEM00026,ORD00290,PROD008,3,6971.75,5.4
ITEM00844,ORD00375,PROD004,2,4768.28,17.4
ITEM00341,ORD00046,PROD049,5,1563.55,11.0
ITEM00119,ORD00460,PROD036,5,2121.27,16.6
ITEM00722,ORD00121,PROD018,2,998.11,23.9
ITEM00093,ORD00001,PROD050,3,1343.12,12.8
ITEM00266,ORD00223,PROD006,3,1172.52,112.5
ITEM00340,ORD00046,PROD034,5,3699.49,5.1
ITEM01136,ORD00252,PROD013,2,6520.76,29.9
ITEM00741,ORD00408,PROD022,3,1519.87,29.6
ITEM00774,ORD00317,PROD009,4,1847.61,13.1
ITEM00203,ORD00400,PROD014,2,2616.11,24.5
ITEM00983,ORD00322,PROD044,2,4677.08,26.7
ITEM00617,ORD00333,PROD048,5,3104.64,24.5
ITEM00058,ORD00088,PROD032,5,4969.66,20.4
ITEM01214,ORD00148,PROD014,2,3359.8,7.5
ITEM00381,ORD00270,PROD003,2,2366.5,4.0
ITEM00028,ORD00199,PROD012,4,2120.03,14.9
ITEM00851,ORD00091,PROD029,1,7576.44,14.6
ITEM00060,ORD00037,PROD042,4,1112.14,18.7
ITEM00298,ORD00444,PROD004,3,1476.82,4.1
ITEM00929,ORD00040,PROD048,5,1384.4,13.3
ITEM00239,ORD00142,PROD044,2,3175.59,9.6
ITEM00488,ORD00506,PROD012,5,6867.51,3.5
ITEM00847,ORD00443,PROD038,4,1069.89,26.6
ITEM00428,ORD00038,PROD013,5,7447.77,7.2
ITEM00208,ORD00332,PROD026,5,6828.78,12.5
ITEM00429,ORD00418,PROD037,4,2653.73,118.5
ITEM00830,ORD00250,PROD015,3,5767.66,9.2
ITEM00574,ORD00184,PROD024,3,5641.69,3.2
ITEM00607,ORD00422,PROD009,1,7197.74,29.5
ITEM01187,ORD00308,PROD025,5,7402.94,18.2
ITEM00162,ORD00371,PROD039,3,4615.56,10.1
ITEM01063,ORD00120,PROD006,-2,2017.99,1.5
ITEM00228,ORD00453,PROD042,5,725.18,6.6
ITEM00313,ORD00115,PROD042,2,2202.73,22.6
ITEM01060,ORD00256,PROD005,1,5944.73,10.2
ITEM00792,ORD00435,PROD028,1,4652.98,29.8
ITEM00745,ORD00461,PROD020,3,1118.17,14.0
ITEM00468,ORD00483,PROD007,1,5006.83,12.3
ITEM00957,ORD00196,PROD040,5,2725.92,6.7
ITEM00527,ORD00282,PROD004,4,962.94,19.5
ITEM01072,ORD00103,PROD001,1,6216.81,27.4
ITEM01231,ORD00057,PROD009,1,4325.37,14.7
ITEM00409,ORD00318,PROD016,4,4077.4,16.0
ITEM00450,ORD00283,PROD014,3,7904.92,23.2
ITEM01201,ORD00253,PROD007,5,1193.89,2.9
ITEM00706,ORD00173,PROD003,3,4870.09,26.1
ITEM01085,ORD00034,PROD040,1,4331.17,10.2
ITEM00272,ORD00306,PROD026,0,6978.24,8.4
ITEM00873,ORD00061,PROD026,4,6687.06,1.8
ITEM00596,ORD00068,PROD005,2,783.26,17.3
ITEM01115,ORD00044,PROD011,4,4382.59,27.5
ITEM00267,ORD00247,PROD044,-1,6064.03,0.2
ITEM00539,ORD00447,PROD034,5,1343.35,2.8
ITEM00076,ORD00451,PROD018,3,3437.07,18.9
ITEM00964,ORD00454,PROD045,2,4715.88,2.9
ITEM00359,ORD00355,PROD028,2,6305.19,3.1
ITEM01180,ORD00431,PROD017,4,3568.59,26.1
ITEM00223,ORD00448,PROD027,1,2829.51,5.8
ITEM00467,ORD00263,PROD041,3,7515.63,27.2
ITEM00213,ORD00458,PROD050,3,1485.75,6.2
ITEM00404,ORD00169,PROD023,1,4094.16,11.1
ITEM01174,ORD00284,PROD008,0,1349.62,4.0
ITEM00109,ORD00235,PROD037,5,3911.52,26.9
ITEM00435,ORD00360,PROD029,2,3010.47,25.7
ITEM00753,ORD00382,PROD010,5,7951.29,13.0
ITEM00056,ORD00088,PROD001,1,5762.12,29.4
ITEM01121,ORD00268,PROD024,4,5083.72,17.0
ITEM00943,ORD00156,PROD034,1,6542.65,18.8
ITEM00090,ORD00026,PROD001,4,2041.56,22.4
ITEM01119,ORD00338,PROD012,1,6476.16,22.3
ITEM00594,ORD00013,PROD034,3,4089.96,1.5
ITEM00996,ORD00424,PROD038,5,5199.27,22.2
ITEM00866,ORD00231,PROD018,5,7404.13,3.3
ITEM00472,ORD00315,PROD024,2,2287.35,19.8
ITEM00948,ORD00079,PROD042,3,6075.89,23.4
ITEM01250,ORD00117,PROD020,1,1717.05,17.1
ITEM00781,ORD00474,PROD008,2,4347.35,11.5
ITEM00033,ORD00131,PROD004,1,4897.87,2.8
ITEM00480,ORD00047,PROD002,5,7380.64,2.4
ITEM00531,ORD00410,PROD018,2,5656.2,12.1
ITEM00222,ORD00448,PROD025,2,3122.23,7.2
ITEM00352,ORD00467,PROD003,2,7597.33,28.8
ITEM00154,ORD00340,PROD030,5,1701.35,3.1
ITEM00545,ORD00508,PROD007,3,5494.65,27.0
ITEM00959,ORD00452,PROD015,2,3634.78,24.3
ITEM00916,ORD00104,PROD002,5,1971.58,13.7
ITEM00568,ORD00463,PROD008,-2,7063.21,15.6
ITEM01038,ORD00140,PROD004,3,2643.69,27.1
ITEM01002,ORD00394,PROD012,4,3099.91,25.1
ITEM00802,ORD00029,PROD048,5,2476.22,9.5
ITEM00494,ORD00237,PROD013,3,1002.58,23.8
ITEM00648,ORD00406,PROD006,3,796.26,10.9
ITEM00899,ORD00259,PROD026,3,2268.41,9.6
ITEM01247,ORD00209,PROD033,1,4474.32,22.5
ITEM00666,ORD00334,PROD043,3,1813.38,25.2
ITEM00638,ORD00086,PROD027,1,7031.65,4.3
ITEM01207,ORD00021,PROD007,2,1923.59,13.8
ITEM00032,ORD00131,PROD047,5,6933.57,24.0
ITEM00236,ORD00105,PROD047,5,3661.06,26.3
ITEM00152,ORD00340,PROD015,5,5067.26,13.6
ITEM00982,ORD00069,PROD012,2,4085.97,16.1
ITEM00581,ORD00191,PROD043,2,7433.82,23.3
ITEM00500,ORD00240,PROD005,2,3101.32,23.4
ITEM00622,ORD00279,PROD035,3,7298.42,22.6
ITEM01129,ORD00203,PROD020,2,7454.98,26.6
ITEM01074,ORD00103,PROD031,3,6154.62,9.4
ITEM00376,ORD00008,PROD013,4,4353.26,15.4
ITEM00979,ORD00051,PROD042,1,6064.16,130.7
ITEM00652,ORD00052,PROD041,2,7035.96,0.5
ITEM00870,ORD00197,PROD045,3,3017.59,23.2
ITEM01079,ORD00174,PROD012,2,1634.5,2.8
ITEM00701,ORD00011,PROD049,5,3727.71,138.8
ITEM00937,ORD00320,PROD022,4,2159.74,135.9
ITEM00547,ORD00122,PROD020,2,4256.61,10.3
ITEM01148,ORD00189,PROD026,5,3263.84,17.3
ITEM00721,ORD00335,PROD017,5,5343.07,2.3
ITEM00011,ORD00402,PROD019,2,3386.49,4.4
ITEM00293,ORD00108,PROD022,2,1842.78,22.0
ITEM00322,ORD00398,PROD018,2,4596.41,19.4
ITEM00050,ORD00287,PROD020,5,5010.61,20.7
ITEM00379,ORD00301,PROD033,4,5820.52,7.8
ITEM00014,ORD00213,PROD014,4,5941.61,7.7
ITEM00085,ORD00257,PROD020,-1,3241.95,21.6
ITEM00454,ORD00336,PROD006,4,6074.77,4.9
ITEM00958,ORD00452,PROD036,2,2335.55,14.8
ITEM00232,ORD00153,PROD005,-2,3701.51,15.3
ITEM00386,ORD00359,PROD047,4,2207.29,18.8
ITEM00183,ORD00343,PROD027,3,2672.76,11.5
ITEM00179,ORD00415,PROD038,1,7180.1,13.6
ITEM00474,ORD00502,PROD034,5,1529.2,17.2
ITEM00219,ORD00414,PROD029,3,5772.42,26.8
ITEM01199,ORD00060,PROD028,4,3915.67,11.6
ITEM00143,ORD00337,PROD027,5,240.24,5.8
ITEM01092,ORD00053,PROD030,5,7587.73,21.8
ITEM01011,ORD00262,PROD003,4,1068.97,1.1
ITEM00299,ORD00273,PROD010,2,6037.38,136.6
ITEM00552,ORD00367,PROD004,3,7054.03,23.6
ITEM00046,ORD00215,PROD021,5,6107.36,13.5
ITEM00052,ORD00287,PROD002,2,1831.99,19.5
ITEM01230,ORD00267,PROD012,1,1464.28,18.2
ITEM00734,ORD00321,PROD017,5,4932.84,1.0
ITEM00211,ORD00458,PROD043,1,5834.79,6.5
ITEM00408,ORD00318,PROD027,5,2801.03,24.1
ITEM00111,ORD00358,PROD029,1,4933.47,12.1
ITEM00419,ORD00212,PROD031,4,3662.99,106.5
ITEM00569,ORD00463,PROD007,-2,3661.76,1.7
ITEM01163,ORD00438,PROD035,1,1117.81,15.5
ITEM00738,ORD00180,PROD003,-2,1394.9,22.1
ITEM00374,ORD00396,PROD031,4,7629.06,23.7
ITEM01167,ORD00149,PROD015,4,7594.72,3.5
ITEM00649,ORD00106,PROD029,4,6657.0,29.6
ITEM01113,ORD00044,PROD036,1,4799.42,6.3
ITEM00956,ORD00196,PROD025,1,5943.0,26.3
ITEM00278,ORD00369,PROD009,4,2550.52,20.2
ITEM00142,ORD00337,PROD024,5,7093.66,6.7
ITEM00705,ORD00432,PROD049,2,4048.66,12.4
ITEM00900,ORD00449,PROD002,0,7325.9,1.4
ITEM00023,ORD00243,PROD043,4,1359.24,6.9
ITEM00124,ORD00397,PROD044,4,6771.02,6.4
ITEM00546,ORD00122,PROD017,3,3250.0,12.5
ITEM01212,ORD00286,PROD022,-2,5001.98,25.1
ITEM00868,ORD00231,PROD010,5,1759.96,2.6
ITEM01125,ORD00225,PROD043,2,1036.64,0.0
ITEM00879,ORD00017,PROD005,2,2850.52,15.8
ITEM00307,ORD00486,PROD018,1,1612.55,14.5
ITEM00406,ORD00318,PROD005,1,7684.77,8.4
ITEM01069,ORD00305,PROD014,4,2889.12,144.6
ITEM00910,ORD00481,PROD003,4,6394.72,132.1
ITEM01238,ORD00064,PROD049,2,2555.38,112.1
ITEM00714,ORD00157,PROD010,3,1794.8,18.4
ITEM00554,ORD00314,PROD019,-1,2140.08,20.4
ITEM00122,ORD00397,PROD003,1,7696.69,18.6
ITEM01065,ORD00063,PROD031,3,4816.13,25.8
ITEM00175,ORD00312,PROD004,3,6841.72,29.1
ITEM00672,ORD00163,PROD005,3,2815.63,13.6
ITEM00108,ORD00150,PROD037,3,1165.5,16.8
ITEM01146,ORD00189,PROD037,1,4493.5,28.3
ITEM00231,ORD00099,PROD050,2,5155.76,26.5
ITEM00456,ORD00423,PROD045,5,277.47,23.5
ITEM00302,ORD00114,PROD008,5,4828.46,29.1
ITEM00888,ORD00277,PROD029,4,6213.67,17.7
ITEM00144,ORD00337,PROD037,1,1959.9,20.7
ITEM00627,ORD00128,PROD018,1,6216.45,8.9
ITEM00913,ORD00104,PROD008,3,4213.03,10.1
ITEM00837,ORD00470,PROD022,2,1949.62,8.3
ITEM00471,ORD00133,PROD023,4,6599.26,21.1
ITEM00723,ORD00121,PROD050,4,6221.43,17.8
ITEM00263,ORD00075,PROD024,2,1744.56,5.5
ITEM00883,ORD00010,PROD046,5,6229.34,6.2
ITEM01001,ORD00233,PROD025,2,1107.38,8.7
ITEM00584,ORD00504,PROD021,2,6506.73,22.0
ITEM00668,ORD00316,PROD032,1,2398.33,28.4
ITEM00220,ORD00448,PROD045,1,6529.79,19.2
ITEM00227,ORD00453,PROD021,1,3778.45,2.0
ITEM00139,ORD00462,PROD013,1,5605.29,16.0
ITEM00452,ORD00283,PROD028,3,1573.62,4.3
ITEM00530,ORD00410,PROD008,1,4686.8,7.2
ITEM00075,ORD00485,PROD027,1,6511.33,10.2
ITEM00423,ORD00440,PROD009,2,636.78,11.8
ITEM00479,ORD00005,PROD036,2,1789.35,2.8
ITEM00210,ORD00332,PROD026,1,6990.21,8.2
ITEM00045,ORD00215,PROD012,2,553.02,12.5
ITEM00650,ORD00106,PROD016,4,5394.04,18.2
ITEM00765,ORD00188,PROD020,2,3777.97,108.2
ITEM00760,ORD00179,PROD038,5,5901.45,14.2
ITEM01219,ORD00361,PROD015,5,4873.02,24.3
ITEM00991,ORD00129,PROD034,5,4349.02,11.8
ITEM00017,ORD00155,PROD020,4,1231.46,26.8
ITEM00442,ORD00145,PROD029,3,5072.13,9.4
ITEM00234,ORD00153,PROD008,3,3542.28,7.3
ITEM00717,ORD00457,PROD010,4,7820.41,9.4
ITEM01093,ORD00053,PROD025,2,2354.44,4.3
ITEM00247,ORD00113,PROD020,5,4512.25,5.3
ITEM01248,ORD00209,PROD010,4,5771.32,21.9
ITEM01007,ORD00419,PROD043,2,1092.17,4.8
ITEM00345,ORD00067,PROD030,5,648.47,0.2
ITEM00047,ORD00471,PROD012,2,6026.83,18.1
ITEM00651,ORD00052,PROD021,1,3483.98,29.5
ITEM01101,ORD00206,PROD018,2,3736.0,4.9
ITEM00201,ORD00400,PROD034,1,6905.72,12.3
ITEM00484,ORD00433,PROD008,4,1156.94,4.3
ITEM00390,ORD00469,PROD032,2,364.17,4.9
ITEM00863,ORD00162,PROD007,1,2738.77,14.4
ITEM00366,ORD00144,PROD039,1,2167.65,14.7
ITEM00412,ORD00082,PROD024,5,1242.02,3.3
ITEM01204,ORD00168,PROD049,3,2957.7,129.6
ITEM00580,ORD00191,PROD026,1,5232.05,11.3
ITEM00258,ORD00325,PROD028,2,2172.4,9.1
ITEM00838,ORD00503,PROD042,2,3782.71,27.4
ITEM00238,ORD00479,PROD015,3,1805.38,1.6
ITEM00112,ORD00248,PROD022,4,387.64,15.8
ITEM00192,ORD00269,PROD028,4,3709.78,16.8
ITEM01173,ORD00505,PROD035,3,3927.46,29.1
ITEM00961,ORD00014,PROD037,2,6813.66,17.4
ITEM01236,ORD00064,PROD025,4,386.23,14.6
ITEM00887,ORD00277,PROD008,-2,6862.67,6.3
ITEM01138,ORD00252,PROD048,1,889.64,11.0
ITEM00811,ORD00407,PROD019,1,2805.63,13.9
ITEM00576,ORD00184,PROD003,5,7283.25,10.6
ITEM00153,ORD00340,PROD028,5,2849.01,28.1
ITEM00696,ORD00167,PROD047,-2,6675.96,18.1
ITEM00542,ORD00508,PROD008,3,5880.08,0.6
ITEM00509,ORD00139,PROD021,3,4540.31,9.4
ITEM00794,ORD00487,PROD048,2,5437.23,18.1
ITEM00612,ORD00202,PROD031,1,795.75,28.2
ITEM00251,ORD00232,PROD025,4,7902.67,2.1
ITEM00633,ORD00430,PROD032,2,1561.06,26.1
ITEM00290,ORD00093,PROD019,2,3755.12,18.0
ITEM00248,ORD00113,PROD020,4,4584.71,14.4
ITEM00659,ORD00412,PROD033,1,260.71,17.8
ITEM00942,ORD00156,PROD026,1,6347.46,25.6
ITEM00021,ORD00243,PROD017,5,7428.39,15.5
ITEM00770,ORD00024,PROD049,2,2751.47,8.5
ITEM01159,ORD00097,PROD006,2,5781.75,27.7
ITEM00529,ORD00282,PROD032,5,5513.05,19.4
ITEM00279,ORD00031,PROD011,4,3960.91,16.2
ITEM01124,ORD00225,PROD039,2,3945.37,17.9
ITEM00261,ORD00075,PROD045,0,6567.84,0.0
ITEM00931,ORD00050,PROD015,4,1173.94,22.3
ITEM00380,ORD00270,PROD046,3,1534.65,1.4
ITEM00275,ORD00219,PROD048,3,2021.76,14.5
ITEM00113,ORD00350,PROD008,1,2425.74,5.5
ITEM00149,ORD00101,PROD038,1,673.36,1.0
ITEM00850,ORD00091,PROD017,5,2347.25,16.8
ITEM00490,ORD00506,PROD017,1,430.53,0.7
ITEM00225,ORD00386,PROD021,5,5072.45,28.0
ITEM01198,ORD00060,PROD036,5,4186.72,12.6
ITEM00498,ORD00065,PROD027,3,7042.57,28.5
ITEM00241,ORD00124,PROD014,2,4822.52,24.9
ITEM00733,ORD00321,PROD024,5,4772.27,9.9
ITEM01164,ORD00438,PROD029,3,510.57,18.0
ITEM00449,ORD00283,PROD008,3,4451.63,28.5
ITEM00226,ORD00453,PROD008,2,2981.3,5.2
ITEM01022,ORD00183,PROD044,5,7299.88,7.1
ITEM01077,ORD00174,PROD049,4,390.94,4.2
ITEM00976,ORD00378,PROD026,5,5545.75,24.1
ITEM00400,ORD00245,PROD044,4,5775.84,27.0
ITEM00754,ORD00382,PROD044,3,5657.3,15.1
ITEM00283,ORD00442,PROD015,5,4885.3,19.3
ITEM00206,ORD00178,PROD034,3,7058.07,13.8
ITEM00461,ORD00210,PROD013,4,6240.2,18.0
ITEM00230,ORD00099,PROD017,1,7855.04,20.9
ITEM00311,ORD00351,PROD049,2,7201.3,5.4
ITEM00357,ORD00355,PROD032,1,2132.43,4.6
ITEM00466,ORD00263,PROD011,5,2423.22,19.8
ITEM00902,ORD00449,PROD027,1,3910.38,29.5
ITEM01215,ORD00148,PROD015,4,3863.76,0.7
ITEM01061,ORD00372,PROD010,5,6996.53,13.8
ITEM00896,ORD00259,PROD049,1,6458.57,26.0
ITEM00661,ORD00412,PROD050,1,4047.69,1.4
ITEM01006,ORD00419,PROD039,1,3284.65,20.9
ITEM00182,ORD00343,PROD038,1,5044.78,12.8
ITEM00287,ORD00373,PROD048,1,4802.47,5.7
ITEM00291,ORD00093,PROD043,1,2609.35,29.7
ITEM00145,ORD00337,PROD016,2,2624.29,18.8
ITEM00727,ORD00127,PROD033,1,3267.32,23.2
ITEM00662,ORD00166,PROD019,3,6106.94,28.6
ITEM00660,ORD00412,PROD030,4,1578.43,21.7
ITEM01195,ORD00198,PROD042,4,3254.72,21.5
ITEM00297,ORD00444,PROD013,5,1221.03,22.6
ITEM00537,ORD00089,PROD001,5,3895.88,0.0
ITEM01053,ORD00392,PROD036,1,7830.34,18.7
ITEM00062,ORD00037,PROD033,2,5542.8,27.7
ITEM01253,ORD00110,PROD044,4,5421.45,24.4
ITEM01135,ORD00345,PROD050,3,5807.19,6.1
ITEM00867,ORD00231,PROD048,1,6246.89,12.4
ITEM00444,ORD00112,PROD048,2,4574.24,4.6
ITEM01088,ORD00087,PROD041,4,4528.97,17.3
ITEM01151,ORD00411,PROD014,5,7622.09,115.5
ITEM00788,ORD00194,PROD018,3,5574.14,7.3
ITEM00448,ORD00158,PROD013,4,2674.82,29.9
ITEM00281,ORD00031,PROD021,4,1918.93,7.7
ITEM00501,ORD00240,PROD021,1,1867.42,17.0
ITEM00502,ORD00240,PROD015,5,2412.19,6.4
ITEM00249,ORD00232,PROD013,2,232.61,25.8
ITEM00736,ORD00180,PROD037,1,7435.08,29.9
ITEM00952,ORD00478,PROD022,4,6087.21,28.8
ITEM00919,ORD00500,PROD044,2,1749.68,22.3
ITEM00680,ORD00137,PROD020,2,5410.21,14.7
ITEM00934,ORD00050,PROD032,3,1003.79,29.9
ITEM01229,ORD00267,PROD016,5,4676.14,8.4
ITEM01103,ORD00446,PROD036,1,5241.36,11.9
ITEM00282,ORD00031,PROD043,1,7397.34,19.0
ITEM00532,ORD00204,PROD047,3,1534.03,6.1
ITEM00388,ORD00384,PROD026,2,5892.53,13.0
ITEM00421,ORD00440,PROD044,4,6670.24,27.6
ITEM00442,ORD00145,PROD029,3,5072.13,9.4
ITEM01257,ORD00218,PROD028,4,7531.53,9.0
ITEM00912,ORD00151,PROD041,5,7943.05,13.6
ITEM01149,ORD00348,PROD015,4,5612.75,22.6
ITEM00148,ORD00101,PROD016,1,5032.62,22.9
ITEM00458,ORD00423,PROD048,-1,7483.79,15.0
ITEM00212,ORD00458,PROD049,5,3076.11,22.7
ITEM00350,ORD00385,PROD043,4,2959.15,13.0
ITEM00748,ORD00195,PROD006,2,5510.95,28.3
ITEM00424,ORD00440,PROD036,5,6569.16,14.1
ITEM00015,ORD00213,PROD004,1,2031.76,27.2
ITEM00114,ORD00403,PROD020,4,659.53,28.8
ITEM00216,ORD00414,PROD005,1,2089.89,28.5
ITEM00003,ORD00261,PROD042,2,5548.88,23.8
ITEM01083,ORD00187,PROD039,3,4246.35,14.8
ITEM00116,ORD00190,PROD025,1,2069.06,17.9
ITEM00981,ORD00016,PROD001,3,415.7,27.2
ITEM00731,ORD00321,PROD050,3,1867.48,16.8
ITEM00137,ORD00222,PROD043,5,4903.19,5.3
ITEM00405,ORD00434,PROD001,2,1343.39,4.4
ITEM00074,ORD00485,PROD010,3,1274.63,25.5
ITEM00048,ORD00471,PROD007,4,245.61,3.5
ITEM00697,ORD00276,PROD013,5,6321.22,12.8
ITEM00237,ORD00105,PROD021,1,7825.03,19.4
ITEM00769,ORD00024,PROD025,4,6151.84,2.9
ITEM01130,ORD00203,PROD014,1,6005.23,20.5
ITEM00255,ORD00501,PROD044,1,5233.6,7.8
ITEM00848,ORD00482,PROD038,5,7939.45,7.6
ITEM01076,ORD00174,PROD021,4,7212.9,13.6
ITEM00657,ORD00399,PROD048,3,7303.26,18.9
ITEM00189,ORD00226,PROD026,5,292.75,19.6
ITEM00719,ORD00335,PROD041,5,2890.67,0.4
ITEM00132,ORD00004,PROD023,4,6190.13,123.7
ITEM00260,ORD00100,PROD007,5,2886.26,4.3
ITEM00196,ORD00365,PROD010,3,6433.34,27.4
ITEM00702,ORD00011,PROD029,3,1049.8,9.3
ITEM00750,ORD00175,PROD027,2,2327.84,6.0
ITEM00118,ORD00190,PROD027,1,3378.45,7.0
ITEM00002,ORD00261,PROD021,5,1431.02,15.5
ITEM00510,ORD00139,PROD026,3,3745.74,25.5
ITEM01139,ORD00346,PROD024,3,4417.98,9.6
ITEM00664,ORD00166,PROD023,3,2445.18,14.6
ITEM00262,ORD00075,PROD045,4,5305.27,22.0
ITEM00767,ORD00066,PROD016,2,6796.21,11.2
ITEM00128,ORD00045,PROD043,3,3786.43,134.9
ITEM00632,ORD00430,PROD021,1,2212.45,23.6
ITEM00256,ORD00033,PROD017,2,7623.87,138.8
ITEM00898,ORD00259,PROD010,2,7414.65,111.0
ITEM00295,ORD00108,PROD020,2,4473.95,10.1
ITEM00593,ORD00077,PROD009,1,5078.67,26.2
ITEM00940,ORD00319,PROD043,4,1040.82,25.1
ITEM00605,ORD00138,PROD050,2,6910.3,20.5
ITEM01100,ORD00206,PROD036,2,6116.0,3.2
ITEM00967,ORD00420,PROD030,5,4810.29,1.9
ITEM00353,ORD00467,PROD008,4,4065.43,20.5
ITEM01012,ORD00262,PROD006,1,4999.5,13.1
ITEM00541,ORD00447,PROD032,3,305.78,10.6
ITEM00198,ORD00464,PROD022,5,5184.23,9.1
ITEM01066,ORD00063,PROD033,1,7798.68,7.9
ITEM00683,ORD00216,PROD030,3,2911.11,11.9
ITEM01039,ORD00140,PROD010,2,714.98,18.7
ITEM00217,ORD00414,PROD018,2,340.92,3.0
ITEM00441,ORD00302,PROD003,3,3327.33,25.7
ITEM00061,ORD00037,PROD029,-1,5864.43,14.1
ITEM00244,ORD00395,PROD013,3,3953.13,28.5
ITEM01171,ORD00505,PROD031,4,2097.21,27.8
ITEM00505,ORD00107,PROD004,4,7924.03,12.6
ITEM01046,ORD00298,PROD043,5,2850.26,2.6
ITEM00903,ORD00416,PROD009,5,205.63,14.3
ITEM00280,ORD00031,PROD011,1,7948.22,0.9
ITEM00536,ORD00089,PROD028,-1,7073.81,5.1
ITEM00698,ORD00276,PROD020,3,977.5,29.1
ITEM01091,ORD00380,PROD021,5,3196.32,4.5
ITEM00418,ORD00212,PROD049,2,1292.88,15.8
ITEM00245,ORD00113,PROD011,4,4141.28,22.0
ITEM00522,ORD00130,PROD009,2,3207.49,13.6
ITEM00699,ORD00276,PROD025,3,1933.57,12.2
ITEM01014,ORD00208,PROD010,3,2156.26,5.3
ITEM00130,ORD00004,PROD049,4,6340.98,19.5
ITEM00726,ORD00127,PROD004,2,3629.57,19.9
ITEM00224,ORD00386,PROD007,2,543.3,15.4
ITEM01166,ORD00438,PROD025,2,542.22,5.5
ITEM00877,ORD00221,PROD006,5,4958.25,29.8
ITEM01064,ORD00120,PROD021,5,6576.9,21.2
ITEM00915,ORD00104,PROD007,3,2250.33,23.5
ITEM00718,ORD00441,PROD035,4,676.64,14.1
ITEM01073,ORD00103,PROD039,1,5871.76,9.6
ITEM01152,ORD00411,PROD014,2,5507.76,2.0
ITEM00810,ORD00288,PROD049,4,7411.49,4.7
ITEM00173,ORD00300,PROD035,4,2680.02,12.9
ITEM00343,ORD00072,PROD035,1,3968.37,131.9
ITEM01052,ORD00366,PROD022,1,7961.75,19.7
ITEM00254,ORD00501,PROD028,2,469.16,24.4
ITEM00860,ORD00227,PROD027,3,1291.46,13.7
ITEM00606,ORD00422,PROD004,4,5624.44,12.9
ITEM01157,ORD00036,PROD028,5,2938.23,29.1
ITEM01217,ORD00148,PROD025,1,5848.59,27.3
ITEM00755,ORD00382,PROD018,1,1843.63,6.5
ITEM00782,ORD00474,PROD010,1,7486.58,17.7
ITEM00416,ORD00182,PROD043,5,6732.01,26.1
ITEM01099,ORD00206,PROD006,3,7296.49,4.4
ITEM01033,ORD00405,PROD043,4,3567.91,111.1
ITEM00044,ORD00215,PROD017,5,4126.87,3.4
ITEM00489,ORD00506,PROD023,4,4879.94,0.2
ITEM00930,ORD00040,PROD049,0,4260.84,15.7
ITEM01047,ORD00298,PROD012,2,5483.51,27.5
ITEM00603,ORD00055,PROD018,1,4073.45,6.8
ITEM00097,ORD00295,PROD011,2,3981.16,13.7
ITEM00992,ORD00129,PROD013,3,3693.66,5.9
ITEM00807,ORD00288,PROD036,4,1898.47,27.0
ITEM00054,ORD00009,PROD008,2,5962.49,13.4
ITEM01251,ORD00264,PROD028,5,7925.33,6.3
ITEM00276,ORD00095,PROD023,4,7543.53,14.3
ITEM01032,ORD00405,PROD020,5,1755.4,10.1
ITEM00783,ORD00474,PROD040,4,3825.15,1.2
ITEM01037,ORD00140,PROD044,1,868.85,0.3
ITEM00431,ORD00094,PROD045,1,7192.79,15.1
ITEM01142,ORD00007,PROD017,2,2997.62,14.0
ITEM00042,ORD00229,PROD028,3,4497.76,27.5
ITEM01087,ORD00034,PROD027,2,2744.36,7.0
ITEM00803,ORD00029,PROD002,2,1500.53,10.5
ITEM00917,ORD00500,PROD009,3,3602.08,29.5
ITEM01013,ORD00249,PROD043,5,1673.96,6.3
ITEM00566,ORD00025,PROD036,4,7181.41,19.2
ITEM01160,ORD00220,PROD016,5,467.87,9.3
ITEM00560,ORD00488,PROD002,-1,889.75,4.2
ITEM00708,ORD00059,PROD030,4,6897.49,29.8
ITEM00592,ORD00077,PROD014,5,4106.63,10.7
ITEM00563,ORD00285,PROD034,4,860.34,8.1
ITEM00730,ORD00126,PROD017,1,3596.22,118.9
ITEM00082,ORD00387,PROD047,3,261.64,8.4
ITEM00555,ORD00018,PROD007,3,4856.9,5.2
ITEM00773,ORD00317,PROD033,1,6063.14,27.4
ITEM00564,ORD00285,PROD007,3,6611.13,17.0
ITEM00779,ORD00165,PROD026,4,2563.05,7.8
ITEM00319,ORD00466,PROD036,2,2363.69,21.9
ITEM01188,ORD00308,PROD037,2,909.7,14.7
ITEM00051,ORD00287,PROD044,4,883.55,4.1
ITEM01034,ORD00388,PROD018,5,5201.66,17.3
ITEM01191,ORD00146,PROD044,4,4862.53,20.1
ITEM01192,ORD00146,PROD040,2,5568.99,5.7
ITEM00909,ORD00481,PROD049,2,3123.21,4.4
ITEM00591,ORD00147,PROD022,2,7670.4,21.8
ITEM00188,ORD00226,PROD017,1,2398.39,10.4
ITEM00127,ORD00045,PROD044,3,7841.19,21.2
ITEM00326,ORD00404,PROD015,-1,7839.98,6.7
ITEM00342,ORD00046,PROD023,1,3156.94,11.2
ITEM00787,ORD00181,PROD016,2,937.67,21.8
ITEM00271,ORD00306,PROD040,1,7010.0,143.7
ITEM01045,ORD00298,PROD029,5,3689.2,0.6
ITEM00974,ORD00028,PROD005,5,3426.95,4.8
ITEM00372,ORD00080,PROD013,4,2169.7,26.3
ITEM00103,ORD00413,PROD003,4,2615.67,13.6
ITEM00614,ORD00202,PROD024,5,5298.42,15.8
ITEM00618,ORD00333,PROD016,4,3739.35,3.4
ITEM00538,ORD00447,PROD008,1,4624.68,29.7
ITEM00402,ORD00169,PROD006,1,1588.93,15.9
ITEM00096,ORD00295,PROD028,4,7593.0,22.0
ITEM00729,ORD00126,PROD011,3,6751.03,16.8
ITEM01221,ORD00185,PROD017,1,2190.13,4.5
ITEM00336,ORD00275,PROD036,4,283.42,28.5
ITEM00292,ORD00108,PROD041,2,5692.3,11.3
ITEM00027,ORD00199,PROD037,5,7984.44,0.1
ITEM00024,ORD00290,PROD011,4,7962.57,27.8
ITEM00417,ORD00212,PROD010,1,297.33,24.9
ITEM00833,ORD00200,PROD038,3,294.12,10.9
ITEM00757,ORD00299,PROD037,4,7229.94,9.7
ITEM01256,ORD00218,PROD044,3,6270.71,7.4
ITEM00511,ORD00139,PROD008,3,1001.4,6.7
ITEM00823,ORD00357,PROD029,4,666.33,24.3
ITEM00373,ORD00080,PROD036,3,3698.16,21.5
ITEM01183,ORD00352,PROD049,2,4265.82,14.9
ITEM00077,ORD00376,PROD015,2,3424.59,12.3
ITEM00422,ORD00440,PROD046,2,1423.04,29.2
ITEM01255,ORD00218,PROD041,3,5408.46,25.1
ITEM01105,ORD00446,PROD033,1,5766.58,14.9
ITEM00157,ORD00296,PROD003,1,4759.27,15.4
ITEM00389,ORD00469,PROD006,4,1643.22,25.9
ITEM01102,ORD00206,PROD002,1,2747.0,14.3
ITEM00713,ORD00157,PROD044,3,4997.78,11.1
ITEM00141,ORD00462,PROD021,4,3373.63,3.7
ITEM00876,ORD00221,PROD006,5,4347.75,24.0
ITEM01234,ORD00057,PROD017,5,1501.79,25.7
ITEM00057,ORD00088,PROD048,5,4523.58,8.7
ITEM00110,ORD00358,PROD002,3,2113.24,21.2
ITEM00040,ORD00229,PROD034,5,3852.11,2.4
ITEM00301,ORD00273,PROD028,2,949.17,29.2
ITEM00436,ORD00360,PROD046,4,7976.67,18.2
ITEM00550,ORD00136,PROD043,2,2448.43,103.0
ITEM00320,ORD00398,PROD017,4,1473.89,13.7
ITEM01141,ORD00007,PROD044,4,3381.04,28.8
ITEM00325,ORD00404,PROD041,1,2801.44,8.2
ITEM00654,ORD00399,PROD002,2,1232.55,26.0
ITEM01177,ORD00284,PROD014,2,3930.55,6.4
ITEM01041,ORD00304,PROD010,2,4351.98,18.5
ITEM01242,ORD00161,PROD028,1,2967.24,15.4
ITEM00640,ORD00428,PROD002,2,2468.81,4.5
ITEM00123,ORD00397,PROD011,1,7390.12,8.2
ITEM01050,ORD00366,PROD013,5,4259.37,27.5
ITEM00780,ORD00474,PROD033,3,5753.78,25.3
ITEM00113,ORD00350,PROD008,1,2425.74,5.5
ITEM00565,ORD00152,PROD008,5,5967.03,1.6
ITEM00567,ORD00025,PROD041,3,7504.94,24.2
ITEM00027,ORD00199,PROD037,5,7984.44,0.1
ITEM00485,ORD00172,PROD006,1,3018.9,25.1
ITEM00140,ORD00462,PROD036,-1,5199.54,28.3
ITEM00608,ORD00422,PROD013,3,651.8,7.0
ITEM00120,ORD00460,PROD020,5,854.49,19.1
ITEM00938,ORD00319,PROD016,5,4810.46,20.0
ITEM00575,ORD00184,PROD028,-1,1136.99,11.7
ITEM00534,ORD00089,PROD048,3,5565.9,5.1
ITEM00609,ORD00422,PROD015,4,7129.02,23.8
ITEM00099,ORD00327,PROD008,5,1060.62,11.1
ITEM00864,ORD00162,PROD031,1,3242.49,28.8
ITEM00138,ORD00222,PROD048,1,7481.79,25.7
ITEM00088,ORD00049,PROD020,4,1061.45,1.8
ITEM00475,ORD00502,PROD036,4,5226.59,24.9
ITEM01184,ORD00160,PROD027,1,5694.9,23.3
ITEM00008,ORD00073,PROD010,1,1526.96,126.8
ITEM00858,ORD00236,PROD031,3,2588.61,21.8
ITEM01181,ORD00431,PROD002,2,7460.08,11.7
ITEM01222,ORD00391,PROD018,2,2630.47,15.6
ITEM00347,ORD00230,PROD032,2,4211.69,4.6
ITEM00665,ORD00166,PROD011,3,2223.55,18.2
ITEM00382,ORD00270,PROD004,2,1837.78,3.5
ITEM01084,ORD00034,PROD001,3,2840.93,9.3
ITEM01226,ORD00254,PROD035,1,4516.82,11.1
ITEM01232,ORD00057,PROD036,5,7132.58,14.0
ITEM00585,ORD00504,PROD012,4,3476.44,1.9
ITEM00985,ORD00119,PROD008,3,1040.64,20.5
ITEM00193,ORD00269,PROD037,2,5954.88,15.0
ITEM00464,ORD00263,PROD027,4,6659.85,12.8
ITEM00038,ORD00324,PROD049,4,4988.17,13.0
ITEM00043,ORD00229,PROD033,4,3824.32,21.6
ITEM00204,ORD00429,PROD039,5,4782.44,15.1
ITEM00378,ORD00301,PROD001,2,4818.48,0.3
ITEM00658,ORD00412,PROD019,4,5920.86,21.7
ITEM00330,ORD00006,PROD031,5,274.08,15.4
ITEM00397,ORD00042,PROD016,1,2286.16,103.2
ITEM00469,ORD00048,PROD041,4,6485.79,20.0
ITEM00790,ORD00194,PROD039,1,7846.08,2.4
ITEM00571,ORD00368,PROD044,4,5013.84,13.0
ITEM00507,ORD00266,PROD037,1,2418.05,25.2
ITEM00800,ORD00201,PROD048,4,5642.26,20.2
ITEM01031,ORD00405,PROD042,3,1302.39,3.3
ITEM01067,ORD00207,PROD045,1,791.08,5.6
ITEM00233,ORD00153,PROD033,5,303.68,0.6
ITEM00763,ORD00179,PROD038,1,1497.8,9.0
ITEM00069,ORD00289,PROD022,3,6206.74,16.7
ITEM00715,ORD00457,PROD031,4,2775.38,22.4
ITEM00766,ORD00066,PROD020,3,2042.23,6.1
ITEM00601,ORD00459,PROD005,5,5684.11,23.0
ITEM00793,ORD00487,PROD045,1,3888.76,22.8
ITEM00496,ORD00065,PROD021,5,3187.76,6.0
ITEM00653,ORD00052,PROD017,5,3864.91,3.0
ITEM00941,ORD00319,PROD007,5,7740.49,7.2
ITEM00195,ORD00365,PROD035,3,381.27,23.6
ITEM00172,ORD00300,PROD046,1,7085.24,3.9
ITEM00218,ORD00414,PROD035,4,5436.86,0.3
ITEM00413,ORD00265,PROD050,2,1324.29,25.6
ITEM00208,ORD00332,PROD026,5,6828.78,12.5
ITEM00795,ORD00135,PROD018,1,346.01,12.4
ITEM00525,ORD00297,PROD018,1,4340.91,10.6
ITEM00827,ORD00292,PROD017,1,5610.99,13.7
ITEM00107,ORD00150,PROD043,4,5238.15,26.0
ITEM00443,ORD00145,PROD027,5,7043.79,29.7
ITEM00775,ORD00015,PROD028,2,3217.16,24.6
ITEM01245,ORD00058,PROD029,4,4980.82,10.4
ITEM00399,ORD00245,PROD015,4,2955.82,8.6
ITEM01144,ORD00092,PROD035,2,4674.8,29.3
ITEM01197,ORD00060,PROD036,0,6533.53,7.6
ITEM00031,ORD00131,PROD039,1,542.01,18.7
ITEM00360,ORD00109,PROD013,5,1360.06,3.6
ITEM00647,ORD00406,PROD048,1,3671.06,28.7
ITEM00776,ORD00015,PROD027,2,5522.25,25.0
ITEM00491,ORD00132,PROD014,3,1892.27,9.8
ITEM00199,ORD00464,PROD044,5,6646.5,110.8
ITEM00965,ORD00454,PROD033,4,1017.5,24.8
ITEM01140,ORD00346,PROD027,2,3102.46,29.5
ITEM01070,ORD00305,PROD044,3,1457.86,1.8
ITEM00535,ORD00089,PROD011,2,3750.69,28.9
ITEM00165,ORD00371,PROD050,3,3132.11,12.0
ITEM00351,ORD00385,PROD046,2,2422.22,4.0
ITEM00150,ORD00159,PROD009,1,3646.96,9.0
ITEM00055,ORD00002,PROD029,5,2499.68,24.9
ITEM01128,ORD00203,PROD005,3,374.68,23.1
ITEM00089,ORD00026,PROD008,1,7542.48,13.5
ITEM00984,ORD00119,PROD033,2,3671.83,18.7
ITEM00813,ORD00407,PROD002,5,4955.71,15.1
ITEM00824,ORD00465,PROD024,4,4190.17,19.5
ITEM00636,ORD00086,PROD035,1,2927.89,2.3
ITEM00936,ORD00320,PROD050,3,5913.05,27.1
ITEM00933,ORD00050,PROD017,1,3522.1,5.1
ITEM01096,ORD00303,PROD042,2,4861.18,3.6
ITEM00743,ORD00177,PROD005,2,4111.9,21.9
ITEM00257,ORD00033,PROD042,4,4772.05,27.0
ITEM00559,ORD00488,PROD033,3,3535.82,12.6
ITEM00194,ORD00365,PROD022,2,5548.95,12.1
ITEM00826,ORD00292,PROD024,4,1307.21,7.3
ITEM00398,ORD00245,PROD007,5,3439.22,0.0
ITEM00181,ORD00343,PROD036,1,855.42,13.3
ITEM00362,ORD00307,PROD025,4,5661.24,29.4
ITEM00095,ORD00295,PROD038,5,3279.3,7.9
ITEM00808,ORD00288,PROD050,3,5381.03,20.6
ITEM00365,ORD00144,PROD001,1,2708.79,8.6
ITEM00086,ORD00257,PROD034,5,923.99,16.6
ITEM00805,ORD00081,PROD025,5,1163.25,11.9
ITEM00285,ORD00442,PROD015,2,2469.62,3.3
ITEM00630,ORD00430,PROD002,0,7733.91,14.4
ITEM00685,ORD00507,PROD027,1,2720.9,20.2
ITEM01162,ORD00220,PROD044,1,3666.55,15.1
ITEM00126,ORD00118,PROD009,5,7050.58,6.3
ITEM00524,ORD00078,PROD010,4,6011.2,7.2
ITEM00477,ORD00005,PROD034,2,976.71,24.0
ITEM01193,ORD00198,PROD014,4,1552.64,21.7
ITEM00799,ORD00201,PROD001,3,2901.66,13.3
ITEM01098,ORD00356,PROD020,3,2509.61,0.9
ITEM00785,ORD00181,PROD019,1,1594.08,116.9
ITEM00513,ORD00170,PROD047,3,4392.96,0.1
ITEM00988,ORD00251,PROD022,2,2067.72,24.5
ITEM00346,ORD00230,PROD023,-2,1652.03,10.6
ITEM00463,ORD00246,PROD020,3,6968.51,21.0
ITEM01000,ORD00233,PROD046,2,4654.93,18.4
ITEM00488,ORD00506,PROD012,5,6867.51,3.5
ITEM00184,ORD00475,PROD017,1,842.86,25.3
ITEM00277,ORD00349,PROD047,4,1721.6,4.3
ITEM00968,ORD00420,PROD002,5,5272.17,26.9
ITEM00777,ORD00032,PROD023,1,3354.89,24.2
ITEM01048,ORD00393,PROD041,3,6383.7,23.6
ITEM00789,ORD00194,PROD047,5,517.0,9.8
ITEM01126,ORD00225,PROD004,1,7455.24,9.1
ITEM00068,ORD00214,PROD005,3,5016.99,3.6
ITEM00246,ORD00113,PROD031,1,3533.7,2.5
ITEM00977,ORD00051,PROD009,3,2627.32,5.3
ITEM00004,ORD00261,PROD031,2,5562.24,24.8
ITEM00960,ORD00014,PROD016,1,3969.53,13.2
ITEM00874,ORD00061,PROD024,1,7966.1,28.8
ITEM00125,ORD00397,PROD019,1,4365.9,2.1
ITEM00895,ORD00134,PROD010,2,272.34,15.6
ITEM00160,ORD00003,PROD016,5,4563.71,1.6
ITEM01097,ORD00303,PROD048,2,4132.21,7.4
ITEM00071,ORD00289,PROD030,1,6296.89,18.3
ITEM00655,ORD00399,PROD028,3,5636.04,7.2
ITEM00562,ORD00285,PROD004,4,5426.62,13.9
ITEM00709,ORD00059,PROD007,4,3130.35,22.7
ITEM00556,ORD00018,PROD021,5,6187.75,7.5
ITEM00317,ORD00466,PROD039,5,5565.86,19.9
ITEM00296,ORD00444,PROD049,4,4317.19,8.5
ITEM00955,ORD00310,PROD043,4,1336.97,10.2
ITEM00784,ORD00181,PROD024,1,5553.82,7.6
ITEM00100,ORD00327,PROD034,2,2578.41,11.2
ITEM00371,ORD00080,PROD020,4,1775.59,21.6
ITEM00168,ORD00473,PROD019,2,2243.59,5.2
ITEM00747,ORD00195,PROD038,1,6352.15,6.5
ITEM00209,ORD00332,PROD040,4,7304.5,5.5
ITEM00437,ORD00360,PROD037,4,316.55,23.0
ITEM00928,ORD00040,PROD005,2,2354.5,26.8
ITEM00166,ORD00098,PROD024,1,434.14,3.5
ITEM00426,ORD00038,PROD007,1,6274.62,10.1
ITEM00264,ORD00075,PROD029,5,1647.98,1.8
ITEM00688,ORD00217,PROD014,1,4983.77,9.9
ITEM00300,ORD00273,PROD037,1,7910.18,4.4
ITEM01025,ORD00205,PROD017,2,363.31,24.2
ITEM00174,ORD00331,PROD049,5,6864.6,8.8
ITEM00265,ORD00223,PROD017,4,7321.18,3.3
ITEM00749,ORD00195,PROD048,2,3158.62,8.6
ITEM00768,ORD00024,PROD007,4,3273.57,6.4
ITEM00954,ORD00310,PROD026,5,1749.23,2.7
ITEM00133,ORD00004,PROD013,-2,354.3,8.4
ITEM00102,ORD00413,PROD014,2,4012.59,3.7
ITEM00022,ORD00243,PROD011,3,4031.94,28.5
ITEM01104,ORD00446,PROD049,1,2727.31,22.7
ITEM01137,ORD00252,PROD037,4,5682.99,23.8
ITEM00503,ORD00107,PROD046,5,6497.93,20.1
ITEM00674,ORD00326,PROD013,5,7045.07,1.1
ITEM00164,ORD00371,PROD001,2,3838.99,6.4
ITEM00880,ORD00017,PROD028,1,2491.75,18.7
ITEM00030,ORD00071,PROD021,-1,6679.45,19.8
ITEM00411,ORD00344,PROD048,2,2034.51,0.1
ITEM00363,ORD00144,PROD031,1,5222.21,9.1
ITEM00673,ORD00012,PROD046,3,499.18,3.0
ITEM00797,ORD00135,PROD002,3,4968.81,21.8
ITEM00481,ORD00047,PROD048,2,5148.81,23.3
ITEM00238,ORD00479,PROD015,3,1805.38,1.6
ITEM00589,ORD00437,PROD028,5,1699.91,17.5
ITEM00438,ORD00389,PROD032,1,1523.8,8.9
ITEM01018,ORD00455,PROD034,-2,1525.34,28.0
ITEM00105,ORD00150,PROD049,4,1362.06,21.8
ITEM01170,ORD00149,PROD003,3,5675.97,2.0
ITEM01028,ORD00205,PROD029,4,3815.43,10.1
ITEM00034,ORD00381,PROD050,4,6848.3,4.9
ITEM00854,ORD00019,PROD014,3,2696.12,15.9
ITEM01082,ORD00187,PROD032,1,1026.89,28.6
ITEM00156,ORD00296,PROD023,4,5042.64,5.6
ITEM00098,ORD00295,PROD033,5,1858.61,14.2
ITEM01241,ORD00161,PROD007,3,2934.33,27.3
ITEM01218,ORD00361,PROD023,2,7310.47,7.8
ITEM00814,ORD00407,PROD037,4,2735.16,7.5
ITEM01145,ORD00189,PROD006,4,7925.93,16.3
ITEM01062,ORD00509,PROD040,1,1281.98,27.5
ITEM00455,ORD00423,PROD031,4,6314.09,29.0
ITEM00084,ORD00387,PROD042,4,7123.86,23.4
ITEM01058,ORD00143,PROD021,5,379.46,3.9
ITEM00009,ORD00073,PROD050,4,4054.36,6.7
ITEM00544,ORD00508,PROD028,3,896.34,27.6
ITEM00809,ORD00288,PROD041,3,4353.57,6.8
ITEM00521,ORD00130,PROD049,3,5311.26,25.4
ITEM00470,ORD00133,PROD015,4,1093.11,25.7
ITEM01203,ORD00168,PROD040,3,2077.31,6.6
ITEM00615,ORD00202,PROD045,5,621.18,27.0
ITEM00543,ORD00508,PROD015,2,441.06,17.3
ITEM01120,ORD00338,PROD013,5,2529.16,20.7
ITEM00457,ORD00423,PROD005,5,2725.11,29.6
ITEM00646,ORD00406,PROD016,3,6187.62,10.9
ITEM00473,ORD00502,PROD044,-1,454.86,0.8
ITEM01123,ORD00268,PROD022,2,5815.55,21.6
ITEM00855,ORD00019,PROD020,5,5440.72,9.7
ITEM00972,ORD00028,PROD033,4,4408.98,20.4
ITEM00129,ORD00045,PROD042,1,233.38,0.3
ITEM00835,ORD00470,PROD033,3,3148.23,27.8
ITEM00037,ORD00324,PROD032,4,3916.23,16.9
ITEM01147,ORD00189,PROD044,3,2738.8,25.1
ITEM01189,ORD00234,PROD017,3,7023.06,17.8
ITEM00092,ORD00001,PROD046,4,2131.54,9.8
ITEM00935,ORD00320,PROD016,4,7713.31,12.7
ITEM00595,ORD00013,PROD002,2,2461.19,24.8
ITEM00932,ORD00050,PROD005,3,7606.01,1.2
ITEM01200,ORD00253,PROD008,3,7954.68,1.2
ITEM00891,ORD00278,PROD033,3,4168.13,119.6
ITEM00403,ORD00169,PROD044,4,5404.73,9.0
ITEM01133,ORD00054,PROD045,2,3300.8,11.3
ITEM00561,ORD00488,PROD016,5,1192.74,16.3
ITEM01035,ORD00388,PROD010,4,2116.45,22.2
ITEM00681,ORD00137,PROD039,3,2504.25,6.6
ITEM01154,ORD00468,PROD025,3,3542.49,17.7
ITEM00433,ORD00425,PROD010,4,5082.43,28.6
ITEM00414,ORD00265,PROD027,2,1951.78,22.4
ITEM01027,ORD00205,PROD041,3,3365.18,26.5
ITEM00989,ORD00129,PROD003,3,7862.3,14.4
ITEM00215,ORD00023,PROD017,1,1264.55,20.1
ITEM00006,ORD00274,PROD037,0,7400.28,19.4
ITEM00691,ORD00020,PROD046,2,1458.95,11.2
ITEM00764,ORD00188,PROD037,2,2798.55,28.8
ITEM00703,ORD00011,PROD041,1,1520.19,25.9
ITEM00739,ORD00211,PROD006,4,1131.53,13.3
ITEM00019,ORD00155,PROD006,3,3576.85,7.8
ITEM00079,ORD00376,PROD034,1,2655.48,29.5
ITEM00856,ORD00236,PROD011,2,1425.63,28.7
ITEM00370,ORD00379,PROD038,2,3677.0,3.0
ITEM00415,ORD00265,PROD045,2,405.51,28.9
ITEM00570,ORD00368,PROD031,2,6765.42,16.4
ITEM01015,ORD00309,PROD026,4,2476.08,1.9
ITEM01051,ORD00366,PROD011,1,5664.02,7.9
ITEM00492,ORD00132,PROD047,2,3956.28,28.6
ITEM00288,ORD00093,PROD021,3,7484.62,3.8
ITEM00087,ORD00049,PROD002,1,4411.47,7.8
ITEM00304,ORD00364,PROD012,4,7931.08,20.1
ITEM00686,ORD00507,PROD029,4,7316.48,8.0
ITEM00998,ORD00233,PROD048,5,1590.66,11.1
ITEM00191,ORD00192,PROD036,4,3798.93,23.8
ITEM00852,ORD00091,PROD033,4,1594.6,22.8
ITEM00514,ORD00111,PROD017,1,7587.73,2.3
ITEM00337,ORD00275,PROD047,2,4217.09,29.9
ITEM00016,ORD00213,PROD043,5,6516.85,0.2
ITEM00377,ORD00008,PROD029,5,6279.1,12.0
ITEM00645,ORD00363,PROD039,4,4258.62,9.5
ITEM00865,ORD00162,PROD016,3,4771.69,1.8
ITEM01233,ORD00057,PROD034,3,4704.28,25.1
ITEM00273,ORD00306,PROD016,3,5552.24,26.1
ITEM00921,ORD00477,PROD034,2,981.08,5.0
ITEM00663,ORD00166,PROD048,2,2370.4,26.4
ITEM00815,ORD00241,PROD044,1,377.21,18.0
ITEM00950,ORD00478,PROD021,3,5831.14,19.2
ITEM01020,ORD00455,PROD025,5,1951.24,18.8
ITEM00383,ORD00030,PROD021,1,7095.09,7.9
ITEM00798,ORD00201,PROD038,4,2764.27,11.7
ITEM00517,ORD00242,PROD008,5,4707.5,19.8
ITEM00065,ORD00374,PROD019,1,1206.95,6.0
ITEM00101,ORD00327,PROD002,2,4799.07,1.5
ITEM00154,ORD00340,PROD030,5,1701.35,3.1
ITEM00707,ORD00173,PROD014,5,4455.59,9.4
ITEM00393,ORD00484,PROD025,0,6154.88,19.3
ITEM01196,ORD00060,PROD035,3,4926.67,7.6
ITEM00321,ORD00398,PROD044,4,1317.3,6.1
ITEM00746,ORD00421,PROD037,4,7360.49,5.5
ITEM00070,ORD00289,PROD045,5,1012.31,1.5
ITEM01254,ORD00110,PROD047,3,7654.21,7.7
ITEM00430,ORD00094,PROD026,5,6064.37,21.8
ITEM00620,ORD00279,PROD040,4,6929.63,11.5
ITEM01131,ORD00054,PROD012,1,5853.51,13.7
ITEM00252,ORD00232,PROD008,4,1466.43,22.9
ITEM00840,ORD00353,PROD033,1,7700.92,25.4
ITEM00892,ORD00134,PROD026,1,7576.71,25.1
ITEM00987,ORD00255,PROD030,5,6315.69,28.3
ITEM00490,ORD00506,PROD017,1,430.53,0.7
ITEM00656,ORD00399,PROD022,3,5009.71,29.8
ITEM00682,ORD00137,PROD049,3,3687.95,7.4
ITEM00579,ORD00456,PROD047,5,5778.42,23.6
ITEM00151,ORD00238,PROD007,1,2500.35,11.4
ITEM00306,ORD00364,PROD006,1,5416.58,129.1
ITEM00259,ORD00325,PROD043,4,5924.68,22.6
ITEM00920,ORD00477,PROD037,5,6442.03,10.9
ITEM01202,ORD00168,PROD014,1,4619.23,0.3
ITEM00303,ORD00364,PROD016,1,3293.83,9.1
ITEM00242,ORD00124,PROD016,5,5854.92,9.3
ITEM00121,ORD00460,PROD010,3,1511.87,7.4
ITEM00163,ORD00371,PROD022,2,7033.62,27.3
ITEM00076,ORD00451,PROD018,3,3437.07,18.9
ITEM00318,ORD00466,PROD003,2,6877.46,6.5
ITEM00305,ORD00364,PROD030,4,5294.92,11.0
ITEM00945,ORD00156,PROD019,4,5886.65,25.5
ITEM00493,ORD00237,PROD030,4,7581.5,27.7
ITEM00432,ORD00094,PROD050,-1,3920.23,26.1
ITEM00669,ORD00163,PROD034,2,2500.54,3.3
ITEM00634,ORD00154,PROD008,1,4152.41,13.2
ITEM01240,ORD00161,PROD009,4,2113.85,4.4
ITEM00857,ORD00236,PROD042,5,6282.09,8.1
ITEM00822,ORD00293,PROD027,3,4391.26,21.5
ITEM00602,ORD00459,PROD005,4,4976.97,2.4
ITEM00628,ORD00417,PROD040,3,5341.99,23.5
ITEM01043,ORD00304,PROD008,2,957.14,1.2
ITEM00735,ORD00180,PROD026,1,5693.26,8.2
ITEM00927,ORD00339,PROD016,4,5239.46,11.7
ITEM00969,ORD00035,PROD005,3,5807.18,17.1
ITEM00334,ORD00436,PROD020,1,3370.82,9.4
ITEM00694,ORD00020,PROD015,-2,1164.41,23.5
ITEM00806,ORD00081,PROD008,5,6946.17,23.0
ITEM00066,ORD00374,PROD007,4,4051.06,7.0
ITEM00582,ORD00191,PROD009,3,4729.65,17.5
ITEM00459,ORD00210,PROD017,5,7908.26,28.3
ITEM01017,ORD00342,PROD036,2,7720.58,1.7
ITEM00197,ORD00464,PROD025,2,696.93,11.6
ITEM01055,ORD00392,PROD044,3,2817.95,24.1
ITEM00323,ORD00171,PROD027,2,6344.72,11.4
ITEM00533,ORD00204,PROD046,5,224.23,5.6
ITEM00947,ORD00079,PROD041,3,1452.62,16.8
ITEM00134,ORD00401,PROD013,1,5076.85,24.3
ITEM00284,ORD00442,PROD046,4,6323.64,29.0
ITEM00583,ORD00291,PROD003,1,1441.6,2.9
ITEM00147,ORD00101,PROD007,4,2858.26,1.6
ITEM01078,ORD00174,PROD041,2,308.81,23.7
ITEM01213,ORD00286,PROD024,2,4887.44,21.0
ITEM00548,ORD00136,PROD030,5,6380.26,8.7
ITEM00221,ORD00448,PROD007,4,3663.1,17.9
ITEM01005,ORD00076,PROD027,4,6772.55,5.7
ITEM00801,ORD00201,PROD003,5,5124.8,16.8
ITEM00349,ORD00385,PROD024,4,4384.13,8.1
ITEM00394,ORD00472,PROD050,1,7521.07,18.0
ITEM00001,ORD00084,PROD042,2,6369.95,4.1
ITEM00081,ORD00083,PROD041,5,3470.58,26.6
ITEM01227,ORD00254,PROD035,2,268.22,25.7
ITEM01194,ORD00198,PROD041,2,6361.57,24.9
ITEM00080,ORD00376,PROD004,4,5349.37,19.2
ITEM00205,ORD00429,PROD018,0,3676.71,24.7
ITEM00677,ORD00329,PROD041,1,6885.82,104.3
ITEM00635,ORD00154,PROD036,2,5773.49,7.8
ITEM00339,ORD00046,PROD045,5,2104.96,22.2
ITEM00083,ORD00387,PROD010,4,1800.04,16.3
ITEM00180,ORD00415,PROD014,3,3141.25,4.7
ITEM01172,ORD00505,PROD002,2,1656.97,5.9
ITEM00732,ORD00321,PROD013,4,7478.9,29.9
ITEM00752,ORD00175,PROD042,5,5122.01,25.0
ITEM00597,ORD00068,PROD040,5,5025.43,16.4
ITEM00274,ORD00306,PROD043,-2,7668.87,118.7
ITEM00067,ORD00480,PROD023,3,1437.12,24.8
ITEM00364,ORD00144,PROD018,3,2126.36,26.9
ITEM00966,ORD00420,PROD046,5,1946.92,8.1
ITEM00005,ORD00274,PROD006,4,3269.25,11.3
ITEM00106,ORD00150,PROD040,5,2016.01,11.9
ITEM00312,ORD00115,PROD001,5,2651.51,1.2
ITEM00190,ORD00192,PROD026,2,6043.27,14.2
ITEM01009,ORD00262,PROD019,5,6872.96,7.8
ITEM00878,ORD00017,PROD018,4,7068.22,22.2
ITEM01107,ORD00074,PROD023,3,2879.87,2.1
ITEM00308,ORD00486,PROD028,3,975.64,1.9
ITEM00018,ORD00155,PROD012,3,4044.15,10.2
ITEM01228,ORD00070,PROD033,5,3271.68,5.0
ITEM00169,ORD00294,PROD012,-1,7303.06,0.6
ITEM00207,ORD00178,PROD048,1,7071.75,13.7
ITEM00170,ORD00294,PROD025,1,1839.85,13.7
ITEM00772,ORD00317,PROD002,2,1589.65,7.1
ITEM01216,ORD00148,PROD016,1,6440.78,11.7
ITEM00670,ORD00163,PROD008,4,4047.39,2.6
ITEM01225,ORD00391,PROD002,2,800.97,23.2
ITEM00327,ORD00404,PROD008,2,7028.99,17.7
ITEM00689,ORD00217,PROD002,1,903.97,21.1
ITEM00338,ORD00275,PROD045,1,5007.04,27.3
ITEM00499,ORD00240,PROD002,1,2716.91,23.7
ITEM00587,ORD00504,PROD002,2,5650.06,11.3
ITEM00482,ORD00141,PROD020,2,2112.98,23.4
ITEM00881,ORD00017,PROD001,2,1373.86,25.7
ITEM00831,ORD00200,PROD031,4,1404.64,24.2
ITEM00439,ORD00302,PROD023,1,5743.11,13.8
ITEM01206,ORD00043,PROD011,1,4990.23,29.2
ITEM00812,ORD00407,PROD007,4,3461.18,12.5
ITEM01008,ORD00419,PROD005,2,1505.46,22.2
ITEM00997,ORD00056,PROD020,4,7720.66,1.6
ITEM00483,ORD00141,PROD050,3,2344.73,28.0
ITEM00631,ORD00430,PROD014,4,7522.91,8.3
ITEM00243,ORD00395,PROD028,2,2564.19,17.3
ITEM00759,ORD00299,PROD012,3,3841.36,140.7
ITEM00684,ORD00216,PROD031,4,5560.33,0.9
ITEM00063,ORD00374,PROD009,3,3244.9,12.5
ITEM00970,ORD00035,PROD047,1,4028.32,21.1
ITEM00849,ORD00482,PROD018,4,2763.39,14.5
ITEM00316,ORD00466,PROD009,5,2640.9,27.3
ITEM00886,ORD00277,PROD015,2,412.91,26.3
ITEM00832,ORD00200,PROD039,3,2206.98,6.8
ITEM00893,ORD00134,PROD042,3,5669.47,19.5
ITEM00117,ORD00190,PROD033,5,1097.63,1.8
ITEM00643,ORD00258,PROD042,1,7677.28,29.8
ITEM00136,ORD00401,PROD013,4,2363.31,15.0
ITEM00986,ORD00255,PROD007,4,1410.97,18.4
ITEM00333,ORD00006,PROD023,4,2351.42,12.8
ITEM00497,ORD00065,PROD041,1,7137.71,28.7
ITEM00167,ORD00473,PROD041,5,3007.29,29.3
ITEM00613,ORD00202,PROD046,3,6898.33,13.3
ITEM00679,ORD00137,PROD041,5,2919.89,15.9
ITEM01161,ORD00220,PROD029,2,940.64,20.5
ITEM00859,ORD00236,PROD021,4,4593.63,147.1
ITEM00819,ORD00293,PROD016,2,4101.68,3.3
ITEM00846,ORD00375,PROD006,4,4430.48,6.4
ITEM00744,ORD00177,PROD029,1,1749.73,15.2
ITEM01036,ORD00140,PROD021,5,4976.13,22.1
ITEM01111,ORD00062,PROD015,2,7644.48,4.1
ITEM00202,ORD00400,PROD008,2,3930.36,2.1
ITEM00314,ORD00313,PROD033,3,4446.53,12.7
